-- phpMyAdmin SQL Dump
-- version 5.2.1
-- https://www.phpmyadmin.net/
--
-- Host: 127.0.0.1
-- Generation Time: Dec 11, 2024 at 04:40 AM
-- Server version: 10.4.32-MariaDB
-- PHP Version: 8.0.30

SET SQL_MODE = "NO_AUTO_VALUE_ON_ZERO";
START TRANSACTION;
SET time_zone = "+00:00";


/*!40101 SET @OLD_CHARACTER_SET_CLIENT=@@CHARACTER_SET_CLIENT */;
/*!40101 SET @OLD_CHARACTER_SET_RESULTS=@@CHARACTER_SET_RESULTS */;
/*!40101 SET @OLD_COLLATION_CONNECTION=@@COLLATION_CONNECTION */;
/*!40101 SET NAMES utf8mb4 */;

--
-- Database: `shopping`
--

-- --------------------------------------------------------

--
-- Table structure for table `admin`
--

CREATE TABLE `admin` (
  `id` int(11) NOT NULL,
  `username` varchar(255) NOT NULL,
  `password` varchar(255) NOT NULL,
  `creationDate` timestamp NOT NULL DEFAULT current_timestamp(),
  `updationDate` varchar(255) NOT NULL
) ENGINE=InnoDB DEFAULT CHARSET=latin1 COLLATE=latin1_swedish_ci;

--
-- Dumping data for table `admin`
--

INSERT INTO `admin` (`id`, `username`, `password`, `creationDate`, `updationDate`) VALUES
(1, 'admin', 'f925916e2754e5e03f75dd58a5733251', '2024-04-02 16:21:18', '03-05-2024 08:27:55 PM');

-- --------------------------------------------------------

--
-- Table structure for table `category`
--

CREATE TABLE `category` (
  `id` int(11) NOT NULL,
  `categoryName` varchar(255) DEFAULT NULL,
  `categoryDescription` longtext DEFAULT NULL,
  `updationDate` varchar(255) DEFAULT NULL
) ENGINE=InnoDB DEFAULT CHARSET=latin1 COLLATE=latin1_swedish_ci;

--
-- Dumping data for table `category`
--

INSERT INTO `category` (`id`, `categoryName`, `categoryDescription`, `updationDate`) VALUES
(1, 'Electronics', 'Electronic Products', NULL),
(2, 'Fashion', 'Fashion', NULL),
(3, 'Footwear & Accessories', 'Footwear & Accessories', NULL),
(4, 'Smart Gadgets', 'Gadgets', NULL),
(5, 'Jewellery', 'Jewellery', NULL),
(6, 'Sports Hub', 'Sports Products', NULL),
(7, 'Beauty Care', 'Beauty & Personal care', NULL);

-- --------------------------------------------------------

--
-- Table structure for table `orders`
--

CREATE TABLE `orders` (
  `id` int(11) NOT NULL,
  `userId` int(11) DEFAULT NULL,
  `productId` varchar(255) DEFAULT NULL,
  `quantity` int(11) DEFAULT NULL,
  `orderDate` timestamp NOT NULL DEFAULT current_timestamp(),
  `paymentMethod` varchar(50) DEFAULT NULL,
  `orderStatus` varchar(55) DEFAULT NULL
) ENGINE=InnoDB DEFAULT CHARSET=latin1 COLLATE=latin1_swedish_ci;

--
-- Dumping data for table `orders`
--

INSERT INTO `orders` (`id`, `userId`, `productId`, `quantity`, `orderDate`, `paymentMethod`, `orderStatus`) VALUES
(1, 1, '3', 2, '2024-05-22 06:01:35', 'Debit / Credit card', 'Delivered'),
(2, 1, '16', 2, '2024-05-22 06:01:35', 'Debit / Credit card', NULL),
(3, 4, '15', 1, '2024-05-23 13:31:52', 'COD', 'in Process'),
(4, 5, '15', 1, '2024-06-05 01:04:45', 'COD', 'Delivered'),
(5, 7, '3', 1, '2024-11-10 12:06:34', 'COD', NULL),
(6, 8, '2', 2, '2024-12-07 08:05:17', 'COD', NULL),
(7, 8, '10', 4, '2024-12-07 08:06:37', 'COD', NULL);

-- --------------------------------------------------------

--
-- Table structure for table `ordertrackhistory`
--

CREATE TABLE `ordertrackhistory` (
  `id` int(11) NOT NULL,
  `orderId` int(11) DEFAULT NULL,
  `status` varchar(255) DEFAULT NULL,
  `remark` mediumtext DEFAULT NULL,
  `postingDate` timestamp NOT NULL DEFAULT current_timestamp()
) ENGINE=InnoDB DEFAULT CHARSET=latin1 COLLATE=latin1_swedish_ci;

--
-- Dumping data for table `ordertrackhistory`
--

INSERT INTO `ordertrackhistory` (`id`, `orderId`, `status`, `remark`, `postingDate`) VALUES
(1, 1, 'in Process', 'Item is packed. Ready for dispatched.', '2024-05-22 06:32:29'),
(2, 1, 'Delivered', 'Product is delivered to the customer.', '2024-05-22 06:32:53'),
(3, 3, 'in Process', 'Product is packed. Dispactched soon', '2024-05-23 13:50:53'),
(4, 3, 'in Process', 'Product is in transit.\r\n', '2024-05-23 13:51:13'),
(5, 4, 'in Process', 'Item is packed', '2024-06-05 01:05:26'),
(6, 4, 'in Process', 'In Transit', '2024-06-05 01:05:34'),
(7, 4, 'Delivered', 'Delivered to the customer', '2024-06-05 01:05:45');

-- --------------------------------------------------------

--
-- Table structure for table `productreviews`
--

CREATE TABLE `productreviews` (
  `id` int(11) NOT NULL,
  `productId` int(11) DEFAULT NULL,
  `quality` int(11) DEFAULT NULL,
  `price` int(11) DEFAULT NULL,
  `value` int(11) DEFAULT NULL,
  `name` varchar(255) DEFAULT NULL,
  `summary` varchar(255) DEFAULT NULL,
  `review` longtext DEFAULT NULL,
  `reviewDate` timestamp NOT NULL DEFAULT current_timestamp()
) ENGINE=InnoDB DEFAULT CHARSET=latin1 COLLATE=latin1_swedish_ci;

-- --------------------------------------------------------

--
-- Table structure for table `products`
--

CREATE TABLE `products` (
  `id` int(11) NOT NULL,
  `category` int(11) NOT NULL,
  `subCategory` int(11) DEFAULT NULL,
  `productName` varchar(255) DEFAULT NULL,
  `productCompany` varchar(255) DEFAULT NULL,
  `productPrice` int(11) DEFAULT NULL,
  `productPriceBeforeDiscount` int(11) DEFAULT NULL,
  `productDescription` longtext DEFAULT NULL,
  `productImage1` varchar(255) DEFAULT NULL,
  `shippingCharge` int(11) DEFAULT NULL,
  `productAvailability` varchar(255) DEFAULT NULL,
  `updationDate` varchar(255) DEFAULT NULL
) ENGINE=InnoDB DEFAULT CHARSET=latin1 COLLATE=latin1_swedish_ci;

--
-- Dumping data for table `products`
--

INSERT INTO `products` (`id`, `category`, `subCategory`, `productName`, `productCompany`, `productPrice`, `productPriceBeforeDiscount`, `productDescription`, `productImage1`, `shippingCharge`, `productAvailability`, `updationDate`) VALUES
(1, 1, 1, 'Mi by Xiaomi A Series 108 cm (43 inch) Full HD LED', 'Mi by Xiaomi ', 32500, 0, '<div class=\"product-details\" style=\"margin: 0; padding: 16px; font-size: 18px; color: #212121; font-family: Roboto, Arial, sans-serif;\">\r\n    <table style=\"width: 100%; border-collapse: collapse; font-size: 14px; line-height: 1.6; color: #333;\">\r\n        <tr style=\"border-bottom: 1px solid #ddd;\">\r\n            <td style=\"width: 30%; padding: 8px; color: #878787;\">General Title</td>\r\n            <td style=\"width: 70%; padding: 8px;\">Supported Apps: Netflix | Prime Video | Disney+ Hotstar | YouTube</td>\r\n        </tr>\r\n        <tr style=\"border-bottom: 1px solid #ddd;\">\r\n            <td style=\"padding: 8px; color: #878787;\">Operating System</td>\r\n            <td style=\"padding: 8px;\">Google TV</td>\r\n        </tr>\r\n        <tr style=\"border-bottom: 1px solid #ddd;\">\r\n            <td style=\"padding: 8px; color: #878787;\">Resolution</td>\r\n            <td style=\"padding: 8px;\">Full HD 1920 x 1080 Pixels</td>\r\n        </tr>\r\n        <tr style=\"border-bottom: 1px solid #ddd;\">\r\n            <td style=\"padding: 8px; color: #878787;\">Sound Output</td>\r\n            <td style=\"padding: 8px;\">20 W</td>\r\n        </tr>\r\n        <tr style=\"border-bottom: 1px solid #ddd;\">\r\n            <td style=\"padding: 8px; color: #878787;\">Refresh Rate</td>\r\n            <td style=\"padding: 8px;\">60 Hz</td>\r\n        </tr>\r\n    </table>\r\n</div>\r\n', '1.jpg', 1000, 'In Stock', NULL),
(2, 1, 2, 'ASUS Chromebook Intel Celeron Dual Core N4500 - (8 GB/128 GB EMMC Storage/Chrome OS)', 'ASUS', 30500, 0, '<div class=\"product-details\" style=\"margin: 0; padding: 16px; font-size: 18px; color: #212121; font-family: Roboto, Arial, sans-serif;\">\r\n    <table style=\"width: 100%; border-collapse: collapse; font-size: 14px; line-height: 1.6; color: #333;\">\r\n        <tr style=\"border-bottom: 1px solid #ddd;\">\r\n            <td style=\"width: 30%; padding: 8px; color: #878787;\">Sales Package</td>\r\n            <td style=\"width: 70%; padding: 8px;\">Laptop, Charger, Product manual</td>\r\n        </tr>\r\n        <tr style=\"border-bottom: 1px solid #ddd;\">\r\n            <td style=\"padding: 8px; color: #878787;\">Model</td>\r\n            <td style=\"padding: 8px;\">CX1500CKA-NJ0395</td>\r\n        </tr>\r\n        <tr style=\"border-bottom: 1px solid #ddd;\">\r\n            <td style=\"padding: 8px; color: #878787;\">Part Number</td>\r\n            <td style=\"padding: 8px;\">90NX03Y2-M00E60</td>\r\n        </tr>\r\n        <tr style=\"border-bottom: 1px solid #ddd;\">\r\n            <td style=\"padding: 8px; color: #878787;\">Model Name</td>\r\n            <td style=\"padding: 8px;\">CX1500CKA-NJ0395</td>\r\n        </tr>\r\n        <tr style=\"border-bottom: 1px solid #ddd;\">\r\n            <td style=\"padding: 8px; color: #878787;\">Display</td>\r\n            <td style=\"padding: 8px;\">15.6 Inch Full HD, LED Backlit</td>\r\n        </tr>\r\n        <tr style=\"border-bottom: 1px solid #ddd;\">\r\n            <td style=\"padding: 8px; color: #878787;\">Optical Disk Drive</td>\r\n            <td style=\"padding: 8px;\">No</td>\r\n        </tr>\r\n    </table>\r\n</div>\r\n', '2.jpg', 500, 'In Stock', NULL),
(3, 1, 3, 'Xiaomi 14 CIVI (Hot Pink, 512 GB)  (12 GB RAM)', 'mi ', 46999, 0, '<div class=\"product-details\" style=\"margin: 0; padding: 16px; font-size: 18px; color: #212121; font-family: Roboto, Arial, sans-serif;\">\r\n    <table style=\"width: 100%; border-collapse: collapse; font-size: 14px; line-height: 1.6; color: #333;\">\r\n        <tr style=\"border-bottom: 1px solid #ddd;\">\r\n            <td style=\"width: 30%; padding: 8px; color: #878787;\">Memory</td>\r\n            <td style=\"width: 70%; padding: 8px;\">12 GB RAM | 512 GB ROM</td>\r\n        </tr>\r\n        <tr style=\"border-bottom: 1px solid #ddd;\">\r\n            <td style=\"padding: 8px; color: #878787;\">Display</td>\r\n            <td style=\"padding: 8px;\">16.64 cm (6.55 inch) Display</td>\r\n        </tr>\r\n        <tr style=\"border-bottom: 1px solid #ddd;\">\r\n            <td style=\"padding: 8px; color: #878787;\">Camera</td>\r\n            <td style=\"padding: 8px;\">50MP Rear Camera | 32MP + 32MP Dual Front Camera</td>\r\n        </tr>\r\n        <tr style=\"border-bottom: 1px solid #ddd;\">\r\n            <td style=\"padding: 8px; color: #878787;\">Battery</td>\r\n            <td style=\"padding: 8px;\">4700 mAh Battery</td>\r\n        </tr>\r\n        <tr style=\"border-bottom: 1px solid #ddd;\">\r\n            <td style=\"padding: 8px; color: #878787;\">Processor</td>\r\n            <td style=\"padding: 8px;\">8s Gen 3 Mobile Platform Processor</td>\r\n        </tr>\r\n    </table>\r\n</div>\r\n', '3.jpg', 0, 'In Stock', NULL),
(4, 1, 4, 'OnePlus Nord Buds 2r in Ear Earbuds with Dual Mic & AI Crystal Clear Call Bluetooth  (Deep Grey, True Wireless)', 'oneplus', 1299, 0, '<div class=\"product-details\" style=\"margin: 0; padding: 16px; font-size: 18px; color: #212121; font-family: Roboto, Arial, sans-serif;\">\r\n    <table style=\"width: 100%; border-collapse: collapse; font-size: 14px; line-height: 1.6; color: #333;\">\r\n        <tr style=\"border-bottom: 1px solid #ddd;\">\r\n            <td style=\"width: 30%; padding: 8px; color: #878787;\">Product Name</td>\r\n            <td style=\"width: 70%; padding: 8px;\">Nord Buds 2R</td>\r\n        </tr>\r\n        <tr style=\"border-bottom: 1px solid #ddd;\">\r\n            <td style=\"padding: 8px; color: #878787;\">Color</td>\r\n            <td style=\"padding: 8px;\">Deep Grey</td>\r\n        </tr>\r\n        <tr style=\"border-bottom: 1px solid #ddd;\">\r\n            <td style=\"padding: 8px; color: #878787;\">Type</td>\r\n            <td style=\"padding: 8px;\">True Wireless</td>\r\n        </tr>\r\n        <tr style=\"border-bottom: 1px solid #ddd;\">\r\n            <td style=\"padding: 8px; color: #878787;\">What\'s in the Box</td>\r\n            <td style=\"padding: 8px;\">1 Pair of Earbuds, Charging Case, User Manual Guide, Safety and Warranty Card, Charging Cable Type-C, Red Cable Club Card, 2 Pair of Additional Ear Tips</td>\r\n        </tr>\r\n        <tr style=\"border-bottom: 1px solid #ddd;\">\r\n            <td style=\"padding: 8px; color: #878787;\">Connectivity</td>\r\n            <td style=\"padding: 8px;\">Bluetooth</td>\r\n        </tr>\r\n        <tr style=\"border-bottom: 1px solid #ddd;\">\r\n            <td style=\"padding: 8px; color: #878787;\">Form Factor</td>\r\n            <td style=\"padding: 8px;\">Earbud</td>\r\n        </tr>\r\n        <tr style=\"border-bottom: 1px solid #ddd;\">\r\n            <td style=\"padding: 8px; color: #878787;\">Compatible Devices</td>\r\n            <td style=\"padding: 8px;\">Laptop, Mobile, Tablet</td>\r\n        </tr>\r\n    </table>\r\n</div>\r\n', '4.jpg', 0, 'In Stock', NULL),
(5, 1, 5, 'Portronics Clean G 20 in 1 Multipurpose Device/Gadget Cleaner Cleaning Kit for Laptops, Mobiles, Computers ', 'Portronics ', 499, 0, '<div class=\"product-details\" style=\"margin: 0; padding: 16px; font-size: 18px; color: #212121; font-family: Roboto, Arial, sans-serif;\">\r\n    <table style=\"width: 100%; border-collapse: collapse; font-size: 14px; line-height: 1.6; color: #333;\">\r\n        <tr style=\"border-bottom: 1px solid #ddd;\">\r\n            <td style=\"width: 30%; padding: 8px; color: #878787;\">Brand</td>\r\n            <td style=\"width: 70%; padding: 8px;\">Portronics</td>\r\n        </tr>\r\n        <tr style=\"border-bottom: 1px solid #ddd;\">\r\n            <td style=\"padding: 8px; color: #878787;\">Product Name</td>\r\n            <td style=\"padding: 8px;\">Clean G 20 in 1 Multipurpose Device/Gadget Cleaner Cleaning Kit</td>\r\n        </tr>\r\n        <tr style=\"border-bottom: 1px solid #ddd;\">\r\n            <td style=\"padding: 8px; color: #878787;\">Usage</td>\r\n            <td style=\"padding: 8px;\">Laptops, Mobiles, Computers</td>\r\n        </tr>\r\n        <tr style=\"border-bottom: 1px solid #ddd;\">\r\n            <td style=\"padding: 8px; color: #878787;\">Model Number</td>\r\n            <td style=\"padding: 8px;\">POR-2031</td>\r\n        </tr>\r\n    </table>\r\n</div>\r\n', '5.jpg', 0, 'In Stock', NULL),
(6, 2, 6, 'pink suit Embroidered, Printed Kurta, Dhoti Pant & Dupatta Set', ' Limra Enterprises ', 499, 0, '<div class=\"product-details\" style=\"margin: 0; padding: 16px; font-size: 18px; color: #212121; font-family: Roboto, Arial, sans-serif;\">\r\n    <table style=\"width: 100%; border-collapse: collapse; font-size: 14px; line-height: 1.6; color: #333;\">\r\n        <tr style=\"border-bottom: 1px solid #ddd;\">\r\n            <td style=\"width: 30%; padding: 8px; color: #878787;\">Category</td>\r\n            <td style=\"width: 70%; padding: 8px;\">Women</td>\r\n        </tr>\r\n        <tr style=\"border-bottom: 1px solid #ddd;\">\r\n            <td style=\"padding: 8px; color: #878787;\">Occasion</td>\r\n            <td style=\"padding: 8px;\">Festive & Party</td>\r\n        </tr>\r\n        <tr style=\"border-bottom: 1px solid #ddd;\">\r\n            <td style=\"padding: 8px; color: #878787;\">Fabric Type</td>\r\n            <td style=\"padding: 8px;\">REYON BLEND</td>\r\n        </tr>\r\n        <tr style=\"border-bottom: 1px solid #ddd;\">\r\n            <td style=\"padding: 8px; color: #878787;\">Primary Fabric</td>\r\n            <td style=\"padding: 8px;\">Rayon</td>\r\n        </tr>\r\n        <tr style=\"border-bottom: 1px solid #ddd;\">\r\n            <td style=\"padding: 8px; color: #878787;\">Set Details</td>\r\n            <td style=\"padding: 8px;\">Kurta, Dhoti Pant & Dupatta Set</td>\r\n        </tr>\r\n        <tr style=\"border-bottom: 1px solid #ddd;\">\r\n            <td style=\"padding: 8px; color: #878787;\">Dupatta Fabric</td>\r\n            <td style=\"padding: 8px;\">Chiffon</td>\r\n        </tr>\r\n        <tr style=\"border-bottom: 1px solid #ddd;\">\r\n            <td style=\"padding: 8px; color: #878787;\">Fit</td>\r\n            <td style=\"padding: 8px;\">A-line</td>\r\n        </tr>\r\n        <tr style=\"border-bottom: 1px solid #ddd;\">\r\n            <td style=\"padding: 8px; color: #878787;\">Neck Design</td>\r\n            <td style=\"padding: 8px;\">Round Neck</td>\r\n        </tr>\r\n        <tr style=\"border-bottom: 1px solid #ddd;\">\r\n            <td style=\"padding: 8px; color: #878787;\">Sleeve Length</td>\r\n            <td style=\"padding: 8px;\">3/4 Sleeve</td>\r\n        </tr>\r\n        <tr style=\"border-bottom: 1px solid #ddd;\">\r\n            <td style=\"padding: 8px; color: #878787;\">Kurta Style</td>\r\n            <td style=\"padding: 8px;\">Kurti</td>\r\n        </tr>\r\n        <tr style=\"border-bottom: 1px solid #ddd;\">\r\n            <td style=\"padding: 8px; color: #878787;\">Pant Style</td>\r\n            <td style=\"padding: 8px;\">Dhoti Pant</td>\r\n        </tr>\r\n        <tr style=\"border-bottom: 1px solid #ddd;\">\r\n            <td style=\"padding: 8px; color: #878787;\">Color</td>\r\n            <td style=\"padding: 8px;\">Pink</td>\r\n        </tr>\r\n        <tr style=\"border-bottom: 1px solid #ddd;\">\r\n            <td style=\"padding: 8px; color: #878787;\">Design</td>\r\n            <td style=\"padding: 8px;\">Embroidered, Printed</td>\r\n        </tr>\r\n        <tr style=\"border-bottom: 1px solid #ddd;\">\r\n            <td style=\"padding: 8px; color: #878787;\">Brand Description</td>\r\n            <td style=\"padding: 8px;\">Limra Enterprises is a trustable brand in India. We are an ethnic and fusion wear brand for contemporary women with a traditional twist. Cotton suit of India\'s leading, we are a vertically integrated company based in Jaipur, the manufacturing hub of Rajasthan. This gives us an upper hand in providing the best quality products at the best prices. Stylish and comfortable too. Get rid of the \'regular\' look this season wearing Kurta Sets by Kurte, with a perfect blend of comfort and traditional style.</td>\r\n        </tr>\r\n    </table>\r\n</div>\r\n', '6.jpg', 0, 'In Stock', NULL),
(7, 2, 7, 'Women Fit and Flare Black Dress', 'Tilton ', 599, 0, '<div class=\"product-details\" style=\"margin: 0; padding: 16px; font-size: 18px; color: #212121; font-family: Roboto, Arial, sans-serif;\">\r\n    <table style=\"width: 100%; border-collapse: collapse; font-size: 14px; line-height: 1.6; color: #333;\">\r\n        <tr style=\"border-bottom: 1px solid #ddd;\">\r\n            <td style=\"width: 30%; padding: 8px; color: #878787;\">Color</td>\r\n            <td style=\"width: 70%; padding: 8px;\">Black</td>\r\n        </tr>\r\n        <tr style=\"border-bottom: 1px solid #ddd;\">\r\n            <td style=\"padding: 8px; color: #878787;\">Length</td>\r\n            <td style=\"padding: 8px;\">Maxi/Full Length</td>\r\n        </tr>\r\n        <tr style=\"border-bottom: 1px solid #ddd;\">\r\n            <td style=\"padding: 8px; color: #878787;\">Fabric</td>\r\n            <td style=\"padding: 8px;\">Georgette</td>\r\n        </tr>\r\n        <tr style=\"border-bottom: 1px solid #ddd;\">\r\n            <td style=\"padding: 8px; color: #878787;\">Pattern</td>\r\n            <td style=\"padding: 8px;\">Embroidered</td>\r\n        </tr>\r\n        <tr style=\"border-bottom: 1px solid #ddd;\">\r\n            <td style=\"padding: 8px; color: #878787;\">Gender</td>\r\n            <td style=\"padding: 8px;\">Women</td>\r\n        </tr>\r\n        <tr style=\"border-bottom: 1px solid #ddd;\">\r\n            <td style=\"padding: 8px; color: #878787;\">Style</td>\r\n            <td style=\"padding: 8px;\">Fit and Flare</td>\r\n        </tr>\r\n        <tr style=\"border-bottom: 1px solid #ddd;\">\r\n            <td style=\"padding: 8px; color: #878787;\">Model Number</td>\r\n            <td style=\"padding: 8px;\">LW_9102_BL</td>\r\n        </tr>\r\n        <tr style=\"border-bottom: 1px solid #ddd;\">\r\n            <td style=\"padding: 8px; color: #878787;\">Category</td>\r\n            <td style=\"padding: 8px;\">Western Wear</td>\r\n        </tr>\r\n        <tr style=\"border-bottom: 1px solid #ddd;\">\r\n            <td style=\"padding: 8px; color: #878787;\">Sleeve Type</td>\r\n            <td style=\"padding: 8px;\">Sleeveless</td>\r\n        </tr>\r\n        <tr style=\"border-bottom: 1px solid #ddd;\">\r\n            <td style=\"padding: 8px; color: #878787;\">Set of</td>\r\n            <td style=\"padding: 8px;\">1</td>\r\n        </tr>\r\n        <tr style=\"border-bottom: 1px solid #ddd;\">\r\n            <td style=\"padding: 8px; color: #878787;\">Neck Type</td>\r\n            <td style=\"padding: 8px;\">Square Neck</td>\r\n        </tr>\r\n        <tr style=\"border-bottom: 1px solid #ddd;\">\r\n            <td style=\"padding: 8px; color: #878787;\">Care Instructions</td>\r\n            <td style=\"padding: 8px;\">MACHINEWASH, HANDWASH</td>\r\n        </tr>\r\n        <tr style=\"border-bottom: 1px solid #ddd;\">\r\n            <td style=\"padding: 8px; color: #878787;\">Material</td>\r\n            <td style=\"padding: 8px;\">Cotton blend</td>\r\n        </tr>\r\n        <tr style=\"border-bottom: 1px solid #ddd;\">\r\n            <td style=\"padding: 8px; color: #878787;\">Sleeve Style</td>\r\n            <td style=\"padding: 8px;\">Flared Sleeve</td>\r\n        </tr>\r\n        <tr style=\"border-bottom: 1px solid #ddd;\">\r\n            <td style=\"padding: 8px; color: #878787;\">Pack of</td>\r\n            <td style=\"padding: 8px;\">1</td>\r\n        </tr>\r\n    </table>\r\n</div>\r\n', '7.jpg', 49, 'In Stock', NULL),
(8, 2, 8, 'Baby Girls Casual Top Capri(Multicolor)', 'Mars Infiniti', 449, 0, '<div class=\"product-details\" style=\"margin: 0; padding: 16px; font-size: 18px; color: #212121; font-family: Roboto, Arial, sans-serif;\">\r\n    <table style=\"width: 100%; border-collapse: collapse; font-size: 14px; line-height: 1.6; color: #333;\">\r\n        <tr style=\"border-bottom: 1px solid #ddd;\">\r\n            <td style=\"width: 30%; padding: 8px; color: #878787;\">Product Type</td>\r\n            <td style=\"width: 70%; padding: 8px;\">3 Top, 3 Bottom</td>\r\n        </tr>\r\n        <tr style=\"border-bottom: 1px solid #ddd;\">\r\n            <td style=\"padding: 8px; color: #878787;\">Brand</td>\r\n            <td style=\"padding: 8px;\">Mars Infiniti</td>\r\n        </tr>\r\n        <tr style=\"border-bottom: 1px solid #ddd;\">\r\n            <td style=\"padding: 8px; color: #878787;\">Model</td>\r\n            <td style=\"padding: 8px;\">Combo_3_T_GHF01_Crop</td>\r\n        </tr>\r\n        <tr style=\"border-bottom: 1px solid #ddd;\">\r\n            <td style=\"padding: 8px; color: #878787;\">Size</td>\r\n            <td style=\"padding: 8px;\">18 - 24 Months</td>\r\n        </tr>\r\n        <tr style=\"border-bottom: 1px solid #ddd;\">\r\n            <td style=\"padding: 8px; color: #878787;\">Colors</td>\r\n            <td style=\"padding: 8px;\">Blue, Pink, Mustard</td>\r\n        </tr>\r\n        <tr style=\"border-bottom: 1px solid #ddd;\">\r\n            <td style=\"padding: 8px; color: #878787;\">Dimensions</td>\r\n            <td style=\"padding: 8px;\">16*26</td>\r\n        </tr>\r\n        <tr style=\"border-bottom: 1px solid #ddd;\">\r\n            <td style=\"padding: 8px; color: #878787;\">Target Gender</td>\r\n            <td style=\"padding: 8px;\">Baby Girls</td>\r\n        </tr>\r\n        <tr style=\"border-bottom: 1px solid #ddd;\">\r\n            <td style=\"padding: 8px; color: #878787;\">Top Type</td>\r\n            <td style=\"padding: 8px;\">Top</td>\r\n        </tr>\r\n        <tr style=\"border-bottom: 1px solid #ddd;\">\r\n            <td style=\"padding: 8px; color: #878787;\">Bottom Type</td>\r\n            <td style=\"padding: 8px;\">Capri</td>\r\n        </tr>\r\n        <tr style=\"border-bottom: 1px solid #ddd;\">\r\n            <td style=\"padding: 8px; color: #878787;\">Color Scheme</td>\r\n            <td style=\"padding: 8px;\">Multicolor</td>\r\n        </tr>\r\n        <tr style=\"border-bottom: 1px solid #ddd;\">\r\n            <td style=\"padding: 8px; color: #878787;\">Material</td>\r\n            <td style=\"padding: 8px;\">Pure Cotton</td>\r\n        </tr>\r\n        <tr style=\"border-bottom: 1px solid #ddd;\">\r\n            <td style=\"padding: 8px; color: #878787;\">Style</td>\r\n            <td style=\"padding: 8px;\">Casual</td>\r\n        </tr>\r\n        <tr style=\"border-bottom: 1px solid #ddd;\">\r\n            <td style=\"padding: 8px; color: #878787;\">Category</td>\r\n            <td style=\"padding: 8px;\">Western Wear</td>\r\n        </tr>\r\n        <tr style=\"border-bottom: 1px solid #ddd;\">\r\n            <td style=\"padding: 8px; color: #878787;\">Care Instructions</td>\r\n            <td style=\"padding: 8px;\">Do not Iron on print/embroidery/embellishment</td>\r\n        </tr>\r\n        <tr style=\"border-bottom: 1px solid #ddd;\">\r\n            <td style=\"padding: 8px; color: #878787;\">Pattern</td>\r\n            <td style=\"padding: 8px;\">Printed</td>\r\n        </tr>\r\n        <tr style=\"border-bottom: 1px solid #ddd;\">\r\n            <td style=\"padding: 8px; color: #878787;\">Fabric</td>\r\n            <td style=\"padding: 8px;\">Pure Cotton Fabric</td>\r\n        </tr>\r\n    </table>\r\n</div>\r\n', '8.jpg', 49, 'In Stock', NULL),
(9, 2, 9, 'Men Cotton Blend Kurta Pajama Set', 'FUBAR ', 399, 0, '<div class=\"product-details\" style=\"margin: 0; padding: 16px; font-size: 18px; color: #212121; font-family: Roboto, Arial, sans-serif;\">\r\n    <table style=\"width: 100%; border-collapse: collapse; font-size: 14px; line-height: 1.6; color: #333;\">\r\n        <tr style=\"border-bottom: 1px solid #ddd;\">\r\n            <td style=\"width: 30%; padding: 8px; color: #878787;\">Material</td>\r\n            <td style=\"width: 70%; padding: 8px;\">Cotton Blend</td>\r\n        </tr>\r\n        <tr style=\"border-bottom: 1px solid #ddd;\">\r\n            <td style=\"padding: 8px; color: #878787;\">Product Type</td>\r\n            <td style=\"padding: 8px;\">Kurta and Pyjama Set</td>\r\n        </tr>\r\n        <tr style=\"border-bottom: 1px solid #ddd;\">\r\n            <td style=\"padding: 8px; color: #878787;\">Set Includes</td>\r\n            <td style=\"padding: 8px;\">Kurta, Pyjama</td>\r\n        </tr>\r\n        <tr style=\"border-bottom: 1px solid #ddd;\">\r\n            <td style=\"padding: 8px; color: #878787;\">Design</td>\r\n            <td style=\"padding: 8px;\">Printed</td>\r\n        </tr>\r\n        <tr style=\"border-bottom: 1px solid #ddd;\">\r\n            <td style=\"padding: 8px; color: #878787;\">Color</td>\r\n            <td style=\"padding: 8px;\">Purple</td>\r\n        </tr>\r\n        <tr style=\"border-bottom: 1px solid #ddd;\">\r\n            <td style=\"padding: 8px; color: #878787;\">Occasion</td>\r\n            <td style=\"padding: 8px;\">Festive & Party</td>\r\n        </tr>\r\n        <tr style=\"border-bottom: 1px solid #ddd;\">\r\n            <td style=\"padding: 8px; color: #878787;\">Collar Style</td>\r\n            <td style=\"padding: 8px;\">Mandarin Collar</td>\r\n        </tr>\r\n        <tr style=\"border-bottom: 1px solid #ddd;\">\r\n            <td style=\"padding: 8px; color: #878787;\">Product Code</td>\r\n            <td style=\"padding: 8px;\">KRTPJ-PRINT SET-BOX HORI</td>\r\n        </tr>\r\n        <tr style=\"border-bottom: 1px solid #ddd;\">\r\n            <td style=\"padding: 8px; color: #878787;\">Season</td>\r\n            <td style=\"padding: 8px;\">EOSS-4-2022</td>\r\n        </tr>\r\n    </table>\r\n</div>\r\n', '9.jpg', 0, 'In Stock', NULL),
(10, 2, 10, 'Men Super Slim Fit Solid Spread Collar Formal Shirt', ' PETER ENGLAND ', 909, 0, '<div class=\"product-details\" style=\"margin: 0; padding: 16px; font-size: 18px; color: #212121; font-family: Roboto, Arial, sans-serif;\">\r\n    <table style=\"width: 100%; border-collapse: collapse; font-size: 14px; line-height: 1.6; color: #333;\">\r\n        <tr style=\"border-bottom: 1px solid #ddd;\">\r\n            <td style=\"width: 30%; padding: 8px; color: #878787;\">Product Code</td>\r\n            <td style=\"width: 70%; padding: 8px;\">PXSFPSSBN31785</td>\r\n        </tr>\r\n        <tr style=\"border-bottom: 1px solid #ddd;\">\r\n            <td style=\"padding: 8px; color: #878787;\">Fit</td>\r\n            <td style=\"padding: 8px;\">Super Slim</td>\r\n        </tr>\r\n        <tr style=\"border-bottom: 1px solid #ddd;\">\r\n            <td style=\"padding: 8px; color: #878787;\">Fabric</td>\r\n            <td style=\"padding: 8px;\">Cotton Blend</td>\r\n        </tr>\r\n        <tr style=\"border-bottom: 1px solid #ddd;\">\r\n            <td style=\"padding: 8px; color: #878787;\">Sleeve</td>\r\n            <td style=\"padding: 8px;\">Full Sleeve</td>\r\n        </tr>\r\n        <tr style=\"border-bottom: 1px solid #ddd;\">\r\n            <td style=\"padding: 8px; color: #878787;\">Pattern</td>\r\n            <td style=\"padding: 8px;\">Solid</td>\r\n        </tr>\r\n        <tr style=\"border-bottom: 1px solid #ddd;\">\r\n            <td style=\"padding: 8px; color: #878787;\">Occasion</td>\r\n            <td style=\"padding: 8px;\">No</td>\r\n        </tr>\r\n        <tr style=\"border-bottom: 1px solid #ddd;\">\r\n            <td style=\"padding: 8px; color: #878787;\">Collar</td>\r\n            <td style=\"padding: 8px;\">Spread</td>\r\n        </tr>\r\n        <tr style=\"border-bottom: 1px solid #ddd;\">\r\n            <td style=\"padding: 8px; color: #878787;\">Color</td>\r\n            <td style=\"padding: 8px;\">Black</td>\r\n        </tr>\r\n        <tr style=\"border-bottom: 1px solid #ddd;\">\r\n            <td style=\"padding: 8px; color: #878787;\">Care</td>\r\n            <td style=\"padding: 8px;\">Machine wash as per tag</td>\r\n        </tr>\r\n        <tr style=\"border-bottom: 1px solid #ddd;\">\r\n            <td style=\"padding: 8px; color: #878787;\">Style</td>\r\n            <td style=\"padding: 8px;\">Western Wear</td>\r\n        </tr>\r\n        <tr style=\"border-bottom: 1px solid #ddd;\">\r\n            <td style=\"padding: 8px; color: #878787;\">Pieces</td>\r\n            <td style=\"padding: 8px;\">1</td>\r\n        </tr>\r\n    </table>\r\n</div>\r\n', '10.jpg', 0, 'In Stock', NULL),
(11, 3, 11, 'Women Slippers ', 'FLITE', 149, 0, '<div class=\"product-details\" style=\"margin: 0; padding: 16px; font-size: 18px; color: #212121; font-family: Roboto, Arial, sans-serif;\">\r\n    <table style=\"width: 100%; border-collapse: collapse; font-size: 14px; line-height: 1.6; color: #333;\">\r\n        <tr style=\"border-bottom: 1px solid #ddd;\">\r\n            <td style=\"width: 30%; padding: 8px; color: #878787;\">Color</td>\r\n            <td style=\"width: 70%; padding: 8px;\">Grey</td>\r\n        </tr>\r\n        <tr style=\"border-bottom: 1px solid #ddd;\">\r\n            <td style=\"padding: 8px; color: #878787;\">Gender</td>\r\n            <td style=\"padding: 8px;\">Women</td>\r\n        </tr>\r\n        <tr style=\"border-bottom: 1px solid #ddd;\">\r\n            <td style=\"padding: 8px; color: #878787;\">Available Sizes</td>\r\n            <td style=\"padding: 8px;\">3, 4, 5, 6, 7, 8</td>\r\n        </tr>\r\n        <tr style=\"border-bottom: 1px solid #ddd;\">\r\n            <td style=\"padding: 8px; color: #878787;\"></td>\r\n            <td style=\"padding: 8px;\"></td>\r\n        </tr>\r\n        <tr style=\"border-bottom: 1px solid #ddd;\">\r\n            <td style=\"padding: 8px; color: #878787;\"></td>\r\n            <td style=\"padding: 8px;\"></td>\r\n        </tr>\r\n    </table>\r\n</div>\r\n', '11.jpg', 0, 'In Stock', NULL),
(12, 3, 12, 'Men Sports Sandal', 'WOODLAND', 199, 0, '<div class=\"product-details\" style=\"margin: 0; padding: 16px; font-size: 18px; color: #212121; font-family: Roboto, Arial, sans-serif;\">\r\n    <table style=\"width: 100%; border-collapse: collapse; font-size: 14px; line-height: 1.6; color: #333;\">\r\n        <tr style=\"border-bottom: 1px solid #ddd;\">\r\n            <td style=\"width: 30%; padding: 8px; color: #878787;\">General Title</td>\r\n            <td style=\"width: 70%; padding: 8px;\"></td>\r\n        </tr>\r\n        <tr style=\"border-bottom: 1px solid #ddd;\">\r\n            <td style=\"padding: 8px; color: #878787;\">Type</td>\r\n            <td style=\"padding: 8px;\">Sports Sandals</td>\r\n        </tr>\r\n        <tr style=\"border-bottom: 1px solid #ddd;\">\r\n            <td style=\"padding: 8px; color: #878787;\">Color</td>\r\n            <td style=\"padding: 8px;\">Navy</td>\r\n        </tr>\r\n        <tr style=\"border-bottom: 1px solid #ddd;\">\r\n            <td style=\"padding: 8px; color: #878787;\">Net Quantity</td>\r\n            <td style=\"padding: 8px;\">1</td>\r\n        </tr>\r\n        <tr style=\"border-bottom: 1px solid #ddd;\">\r\n            <td style=\"padding: 8px; color: #878787;\">Pack of</td>\r\n            <td style=\"padding: 8px;\">1</td>\r\n        </tr>\r\n    </table>\r\n</div>\r\n', '12.jpg', 0, 'In Stock', NULL),
(13, 3, 13, 'Zip Casual Boots ', 'HOOH ', 270, 0, '<div class=\"product-details\" style=\"margin: 0; padding: 16px; font-size: 18px; color: #212121; font-family: Roboto, Arial, sans-serif;\">\r\n    <table style=\"width: 100%; border-collapse: collapse; font-size: 14px; line-height: 1.6; color: #333;\">\r\n        <tr style=\"border-bottom: 1px solid #ddd;\">\r\n            <td style=\"width: 30%; padding: 8px; color: #878787;\">Number of Pairs</td>\r\n            <td style=\"width: 70%; padding: 8px;\">1</td>\r\n        </tr>\r\n        <tr style=\"border-bottom: 1px solid #ddd;\">\r\n            <td style=\"padding: 8px; color: #878787;\">Brand</td>\r\n            <td style=\"padding: 8px;\">HOOH - Now comfort in fashion</td>\r\n        </tr>\r\n        <tr style=\"border-bottom: 1px solid #ddd;\">\r\n            <td style=\"padding: 8px; color: #878787;\">Style code</td>\r\n            <td style=\"padding: 8px;\">LED LONG SHOES</td>\r\n        </tr>\r\n        <tr style=\"border-bottom: 1px solid #ddd;\">\r\n            <td style=\"padding: 8px; color: #878787;\">Size</td>\r\n            <td style=\"padding: 8px;\">2</td>\r\n        </tr>\r\n        <tr style=\"border-bottom: 1px solid #ddd;\">\r\n            <td style=\"padding: 8px; color: #878787;\">Brand color</td>\r\n            <td style=\"padding: 8px;\">PINK</td>\r\n        </tr>\r\n        <tr style=\"border-bottom: 1px solid #ddd;\">\r\n            <td style=\"padding: 8px; color: #878787;\">Ideal for</td>\r\n            <td style=\"padding: 8px;\">Girls</td>\r\n        </tr>\r\n        <tr style=\"border-bottom: 1px solid #ddd;\">\r\n            <td style=\"padding: 8px; color: #878787;\">Type</td>\r\n            <td style=\"padding: 8px;\">Party Wear</td>\r\n        </tr>\r\n        <tr style=\"border-bottom: 1px solid #ddd;\">\r\n            <td style=\"padding: 8px; color: #878787;\">Subtype</td>\r\n            <td style=\"padding: 8px;\">Casual Boots</td>\r\n        </tr>\r\n        <tr style=\"border-bottom: 1px solid #ddd;\">\r\n            <td style=\"padding: 8px; color: #878787;\">Primary color</td>\r\n            <td style=\"padding: 8px;\">Pink</td>\r\n        </tr>\r\n        <tr style=\"border-bottom: 1px solid #ddd;\">\r\n            <td style=\"padding: 8px; color: #878787;\">Closure Type</td>\r\n            <td style=\"padding: 8px;\">Zip</td>\r\n        </tr>\r\n        <tr style=\"border-bottom: 1px solid #ddd;\">\r\n            <td style=\"padding: 8px; color: #878787;\">Outer material</td>\r\n            <td style=\"padding: 8px;\">Leather</td>\r\n        </tr>\r\n        <tr style=\"border-bottom: 1px solid #ddd;\">\r\n            <td style=\"padding: 8px; color: #878787;\">Sole material</td>\r\n            <td style=\"padding: 8px;\">PU</td>\r\n        </tr>\r\n        <tr style=\"border-bottom: 1px solid #ddd;\">\r\n            <td style=\"padding: 8px; color: #878787;\">Heel Design</td>\r\n            <td style=\"padding: 8px;\">Flats</td>\r\n        </tr>\r\n        <tr style=\"border-bottom: 1px solid #ddd;\">\r\n            <td style=\"padding: 8px; color: #878787;\">Character</td>\r\n            <td style=\"padding: 8px;\">None</td>\r\n        </tr>\r\n        <tr style=\"border-bottom: 1px solid #ddd;\">\r\n            <td style=\"padding: 8px; color: #878787;\">Net Quantity</td>\r\n            <td style=\"padding: 8px;\">1 pair</td>\r\n        </tr>\r\n    </table>\r\n</div>\r\n', '13.jpg', 0, 'In Stock', NULL),
(14, 3, 14, 'Men Casual, Evening/Party, Formal, Travel Tan Genuine Leather RFID Wallet ', 'PROVOGUE', 315, 0, '<div class=\"product-details\" style=\"margin: 0; padding: 16px; font-size: 18px; color: #212121; font-family: Roboto, Arial, sans-serif;\">\r\n    <table style=\"width: 100%; border-collapse: collapse; font-size: 14px; line-height: 1.6; color: #333;\">\r\n        <tr style=\"border-bottom: 1px solid #ddd;\">\r\n            <td style=\"width: 30%; padding: 8px; color: #878787;\">Model Name</td>\r\n            <td style=\"width: 70%; padding: 8px;\">TOP QUALITY GENUINE LEATHER BROWN WALLET FOR MEN | BOYS</td>\r\n        </tr>\r\n        <tr style=\"border-bottom: 1px solid #ddd;\">\r\n            <td style=\"padding: 8px; color: #878787;\">Sales Package</td>\r\n            <td style=\"padding: 8px;\">leather wallet</td>\r\n        </tr>\r\n        <tr style=\"border-bottom: 1px solid #ddd;\">\r\n            <td style=\"padding: 8px; color: #878787;\">Other Body Features</td>\r\n            <td style=\"padding: 8px;\">• CAPACITY: This premium leather wallet features 8 credit/debit card slots, 2 cash compartments to keep your extra cards. With plenty of storage and simple access, this bi-fold wallet is crafted to meet your highest expectations.<br>• COMPACT DESIGN: This sleek, bi-fold wallet for men fits discreetly inside any pocket. Our Mens wallets are lightweight and compact yet boast plenty of room and capacity. Designed with the latest trend, it is ideal for both leisure and business suit.</td>\r\n        </tr>\r\n        <tr style=\"border-bottom: 1px solid #ddd;\">\r\n            <td style=\"padding: 8px; color: #878787;\">Number of Card Slots</td>\r\n            <td style=\"padding: 8px;\">8</td>\r\n        </tr>\r\n        <tr style=\"border-bottom: 1px solid #ddd;\">\r\n            <td style=\"padding: 8px; color: #878787;\">Material</td>\r\n            <td style=\"padding: 8px;\">Genuine Leather</td>\r\n        </tr>\r\n        <tr style=\"border-bottom: 1px solid #ddd;\">\r\n            <td style=\"padding: 8px; color: #878787;\">Color</td>\r\n            <td style=\"padding: 8px;\">Tan</td>\r\n        </tr>\r\n        <tr style=\"border-bottom: 1px solid #ddd;\">\r\n            <td style=\"padding: 8px; color: #878787;\">Net Quantity</td>\r\n            <td style=\"padding: 8px;\">1</td>\r\n        </tr>\r\n        <tr style=\"border-bottom: 1px solid #ddd;\">\r\n            <td style=\"padding: 8px; color: #878787;\">Width</td>\r\n            <td style=\"padding: 8px;\">11 cm</td>\r\n        </tr>\r\n        <tr style=\"border-bottom: 1px solid #ddd;\">\r\n            <td style=\"padding: 8px; color: #878787;\">Height</td>\r\n            <td style=\"padding: 8px;\">1.5 cm</td>\r\n        </tr>\r\n    </table>\r\n</div>\r\n', '14.jpg', 0, 'In Stock', NULL),
(15, 3, 15, 'White Women Sling Bag AZ CG001', 'ALONZO', 389, 0, '<div class=\"product-details\" style=\"margin: 0; padding: 16px; font-size: 18px; color: #212121; font-family: Roboto, Arial, sans-serif;\">\r\n    <table style=\"width: 100%; border-collapse: collapse; font-size: 14px; line-height: 1.6; color: #333;\">\r\n        <tr style=\"border-bottom: 1px solid #ddd;\">\r\n            <td style=\"width: 30%; padding: 8px; color: #878787;\">Material</td>\r\n            <td style=\"width: 70%; padding: 8px;\">PU</td>\r\n        </tr>\r\n        <tr style=\"border-bottom: 1px solid #ddd;\">\r\n            <td style=\"padding: 8px; color: #878787;\">Model Name</td>\r\n            <td style=\"padding: 8px;\">AZ CG001</td>\r\n        </tr>\r\n        <tr style=\"border-bottom: 1px solid #ddd;\">\r\n            <td style=\"padding: 8px; color: #878787;\">Pack of</td>\r\n            <td style=\"padding: 8px;\">1</td>\r\n        </tr>\r\n        <tr style=\"border-bottom: 1px solid #ddd;\">\r\n            <td style=\"padding: 8px; color: #878787;\">Color</td>\r\n            <td style=\"padding: 8px;\">White</td>\r\n        </tr>\r\n        <tr style=\"border-bottom: 1px solid #ddd;\">\r\n            <td style=\"padding: 8px; color: #878787;\">Net Quantity</td>\r\n            <td style=\"padding: 8px;\">1</td>\r\n        </tr>\r\n        <tr style=\"border-bottom: 1px solid #ddd;\">\r\n            <td style=\"padding: 8px; color: #878787;\">Width</td>\r\n            <td style=\"padding: 8px;\">3 cm</td>\r\n        </tr>\r\n        <tr style=\"border-bottom: 1px solid #ddd;\">\r\n            <td style=\"padding: 8px; color: #878787;\">Height</td>\r\n            <td style=\"padding: 8px;\">6 cm</td>\r\n        </tr>\r\n    </table>\r\n</div>\r\n', '15.jpg', 0, 'In Stock', NULL),
(16, 4, 16, 'boAt Wave Fury with 1.83\'\' HD Display, Bluetooth Calling & Functional Crown Smartwatch', 'boAt', 1049, 0, '<div class=\"product-details\" style=\"margin: 0; padding: 16px; font-size: 18px; color: #212121; font-family: Roboto, Arial, sans-serif;\">\r\n    <table style=\"width: 100%; border-collapse: collapse; font-size: 14px; line-height: 1.6; color: #333;\">\r\n        <tr style=\"border-bottom: 1px solid #ddd;\">\r\n            <td style=\"width: 30%; padding: 8px; color: #878787;\">General Title</td>\r\n            <td style=\"width: 70%; padding: 8px;\">Wave Fury::?User Manual::Warranty Card::USB Magnetic Charging Cable</td>\r\n        </tr>\r\n        <tr style=\"border-bottom: 1px solid #ddd;\">\r\n            <td style=\"padding: 8px; color: #878787;\">Model</td>\r\n            <td style=\"padding: 8px;\">Wave Fury</td>\r\n        </tr>\r\n        <tr style=\"border-bottom: 1px solid #ddd;\">\r\n            <td style=\"padding: 8px; color: #878787;\">Display</td>\r\n            <td style=\"padding: 8px;\">1.83\'\' HD Display</td>\r\n        </tr>\r\n        <tr style=\"border-bottom: 1px solid #ddd;\">\r\n            <td style=\"padding: 8px; color: #878787;\">Bluetooth Calling</td>\r\n            <td style=\"padding: 8px;\">Yes</td>\r\n        </tr>\r\n        <tr style=\"border-bottom: 1px solid #ddd;\">\r\n            <td style=\"padding: 8px; color: #878787;\">Functional Crown</td>\r\n            <td style=\"padding: 8px;\">Yes</td>\r\n        </tr>\r\n        <tr style=\"border-bottom: 1px solid #ddd;\">\r\n            <td style=\"padding: 8px; color: #878787;\">Shape</td>\r\n            <td style=\"padding: 8px;\">Rectangle</td>\r\n        </tr>\r\n        <tr style=\"border-bottom: 1px solid #ddd;\">\r\n            <td style=\"padding: 8px; color: #878787;\">Color</td>\r\n            <td style=\"padding: 8px;\">Black</td>\r\n        </tr>\r\n        <tr style=\"border-bottom: 1px solid #ddd;\">\r\n            <td style=\"padding: 8px; color: #878787;\">Material</td>\r\n            <td style=\"padding: 8px;\">Silicone</td>\r\n        </tr>\r\n        <tr style=\"border-bottom: 1px solid #ddd;\">\r\n            <td style=\"padding: 8px; color: #878787;\">Size</td>\r\n            <td style=\"padding: 8px;\">Free Size</td>\r\n        </tr>\r\n        <tr style=\"border-bottom: 1px solid #ddd;\">\r\n            <td style=\"padding: 8px; color: #878787;\">Touchscreen</td>\r\n            <td style=\"padding: 8px;\">Yes</td>\r\n        </tr>\r\n        <tr style=\"border-bottom: 1px solid #ddd;\">\r\n            <td style=\"padding: 8px; color: #878787;\">Fitness & Outdoor</td>\r\n            <td style=\"padding: 8px;\">Yes</td>\r\n        </tr>\r\n        <tr style=\"border-bottom: 1px solid #ddd;\">\r\n            <td style=\"padding: 8px; color: #878787;\">Compatibility</td>\r\n            <td style=\"padding: 8px;\">Android & iOS</td>\r\n        </tr>\r\n        <tr style=\"border-bottom: 1px solid #ddd;\">\r\n            <td style=\"padding: 8px; color: #878787;\">Color Variant</td>\r\n            <td style=\"padding: 8px;\">Active Black</td>\r\n        </tr>\r\n        <tr style=\"border-bottom: 1px solid #ddd;\">\r\n            <td style=\"padding: 8px; color: #878787;\">Sensors</td>\r\n            <td style=\"padding: 8px;\">Accelerometer, HR and SpO2</td>\r\n        </tr>\r\n        <tr style=\"border-bottom: 1px solid #ddd;\">\r\n            <td style=\"padding: 8px; color: #878787;\">Notifications</td>\r\n            <td style=\"padding: 8px;\">Text, Call and Social media</td>\r\n        </tr>\r\n        <tr style=\"border-bottom: 1px solid #ddd;\">\r\n            <td style=\"padding: 8px; color: #878787;\">Battery Life</td>\r\n            <td style=\"padding: 8px;\">7 Days</td>\r\n        </tr>\r\n    </table>\r\n</div>\r\n', '16.jpg', 99, 'In Stock', NULL),
(17, 4, 17, 'ZEBRONICS Zeb-Juke Bar 9550 Pro Dolby Multi Connectivity, BT v5.3,HDMI(ARC),Optical IN,USB 625 W Bluetooth Soundbar ', 'ZEBRONICS', 16998, 0, '<div class=\"product-details\" style=\"margin: 0; padding: 16px; font-size: 18px; color: #212121; font-family: Roboto, Arial, sans-serif;\">\r\n    <table style=\"width: 100%; border-collapse: collapse; font-size: 14px; line-height: 1.6; color: #333;\">\r\n        <tr style=\"border-bottom: 1px solid #ddd;\">\r\n            <td style=\"width: 30%; padding: 8px; color: #878787;\">Sales Package</td>\r\n            <td style=\"width: 70%; padding: 8px;\">Sound Bar - 1 unit, Subwoofer - 2 unit, Satellite - 2 unit, Remote Control - 1 unit, Input cable - 1 unit, HDMI Cable - 1 unit, Wall Mount Bracket With Fasteners - 1 unit, Power Adapter (Satellite) - 2 unit, QR Code Guide - 1 unit, Power Cord - 1 unit</td>\r\n        </tr>\r\n        <tr style=\"border-bottom: 1px solid #ddd;\">\r\n            <td style=\"padding: 8px; color: #878787;\">Model Number</td>\r\n            <td style=\"padding: 8px;\">ZEB-SBSPK C1</td>\r\n        </tr>\r\n        <tr style=\"border-bottom: 1px solid #ddd;\">\r\n            <td style=\"padding: 8px; color: #878787;\">Model Name</td>\r\n            <td style=\"padding: 8px;\">Zeb-Juke Bar 9550 Pro Dolby Multi Connectivity, BT v5.3, HDMI(ARC), Optical IN, USB</td>\r\n        </tr>\r\n        <tr style=\"border-bottom: 1px solid #ddd;\">\r\n            <td style=\"padding: 8px; color: #878787;\">Type</td>\r\n            <td style=\"padding: 8px;\">Soundbar</td>\r\n        </tr>\r\n        <tr style=\"border-bottom: 1px solid #ddd;\">\r\n            <td style=\"padding: 8px; color: #878787;\">Bluetooth</td>\r\n            <td style=\"padding: 8px;\">Yes</td>\r\n        </tr>\r\n        <tr style=\"border-bottom: 1px solid #ddd;\">\r\n            <td style=\"padding: 8px; color: #878787;\">Memory Card Slot</td>\r\n            <td style=\"padding: 8px;\">Yes</td>\r\n        </tr>\r\n        <tr style=\"border-bottom: 1px solid #ddd;\">\r\n            <td style=\"padding: 8px; color: #878787;\">Configuration</td>\r\n            <td style=\"padding: 8px;\">5.2</td>\r\n        </tr>\r\n        <tr style=\"border-bottom: 1px solid #ddd;\">\r\n            <td style=\"padding: 8px; color: #878787;\">Power Output (RMS)</td>\r\n            <td style=\"padding: 8px;\">625 W</td>\r\n        </tr>\r\n        <tr style=\"border-bottom: 1px solid #ddd;\">\r\n            <td style=\"padding: 8px; color: #878787;\">Frequency Response</td>\r\n            <td style=\"padding: 8px;\">40Hz-20kHz</td>\r\n        </tr>\r\n        <tr style=\"border-bottom: 1px solid #ddd;\">\r\n            <td style=\"padding: 8px; color: #878787;\">Color</td>\r\n            <td style=\"padding: 8px;\">Black</td>\r\n        </tr>\r\n        <tr style=\"border-bottom: 1px solid #ddd;\">\r\n            <td style=\"padding: 8px; color: #878787;\">Wired/Wireless</td>\r\n            <td style=\"padding: 8px;\">Wireless</td>\r\n        </tr>\r\n        <tr style=\"border-bottom: 1px solid #ddd;\">\r\n            <td style=\"padding: 8px; color: #878787;\">Subwoofer</td>\r\n            <td style=\"padding: 8px;\">2</td>\r\n        </tr>\r\n        <tr style=\"border-bottom: 1px solid #ddd;\">\r\n            <td style=\"padding: 8px; color: #878787;\">Wall Mountable Satellite</td>\r\n            <td style=\"padding: 8px;\">Yes</td>\r\n        </tr>\r\n        <tr style=\"border-bottom: 1px solid #ddd;\">\r\n            <td style=\"padding: 8px; color: #878787;\">Built-in Fm Radio</td>\r\n            <td style=\"padding: 8px;\">No</td>\r\n        </tr>\r\n    </table>\r\n</div>\r\n', '17.jpg', 99, 'In Stock', NULL),
(18, 4, 18, 'PONDRIK Front and Back Screen Guard for Apple iPhone 13 ', 'PONDRIK', 241, 0, '<div class=\"product-details\" style=\"margin: 0; padding: 16px; font-size: 18px; color: #212121; font-family: Roboto, Arial, sans-serif;\">\r\n    <table style=\"width: 100%; border-collapse: collapse; font-size: 14px; line-height: 1.6; color: #333;\">\r\n        <tr style=\"border-bottom: 1px solid #ddd;\">\r\n            <td style=\"width: 30%; padding: 8px; color: #878787;\">Product Name</td>\r\n            <td style=\"width: 70%; padding: 8px;\">Apple iPhone 13</td>\r\n        </tr>\r\n        <tr style=\"border-bottom: 1px solid #ddd;\">\r\n            <td style=\"padding: 8px; color: #878787;\">Color</td>\r\n            <td style=\"padding: 8px;\">Transparent</td>\r\n        </tr>\r\n        <tr style=\"border-bottom: 1px solid #ddd;\">\r\n            <td style=\"padding: 8px; color: #878787;\">Applied on</td>\r\n            <td style=\"padding: 8px;\">Front & Back</td>\r\n        </tr>\r\n        <tr style=\"border-bottom: 1px solid #ddd;\">\r\n            <td style=\"padding: 8px; color: #878787;\">Pack of</td>\r\n            <td style=\"padding: 8px;\">2</td>\r\n        </tr>\r\n        <tr style=\"border-bottom: 1px solid #ddd;\">\r\n            <td style=\"padding: 8px; color: #878787;\">Fixing Method</td>\r\n            <td style=\"padding: 8px;\">First clean your Mobile with wet-wipe & dry-wipe, then remove first sticker (Red color) of screen protector and install screen protector on your Mobile Screen. After installation, remove second sticker (Blue color).</td>\r\n        </tr>\r\n        <tr style=\"border-bottom: 1px solid #ddd;\">\r\n            <td style=\"padding: 8px; color: #878787;\">Number of Layers</td>\r\n            <td style=\"padding: 8px;\">3</td>\r\n        </tr>\r\n        <tr style=\"border-bottom: 1px solid #ddd;\">\r\n            <td style=\"padding: 8px; color: #878787;\">Is Residue Free Removal</td>\r\n            <td style=\"padding: 8px;\">Yes</td>\r\n        </tr>\r\n        <tr style=\"border-bottom: 1px solid #ddd;\">\r\n            <td style=\"padding: 8px; color: #878787;\">Tinted</td>\r\n            <td style=\"padding: 8px;\">Yes</td>\r\n        </tr>\r\n        <tr style=\"border-bottom: 1px solid #ddd;\">\r\n            <td style=\"padding: 8px; color: #878787;\">Sales Package</td>\r\n            <td style=\"padding: 8px;\">Apple iPhone 13 FRONT & BACK SCREEN GUARD & LENS PROTECT, WET WIPE, DRY WIPE</td>\r\n        </tr>\r\n        <tr style=\"border-bottom: 1px solid #ddd;\">\r\n            <td style=\"padding: 8px; color: #878787;\">Camera Hole Present</td>\r\n            <td style=\"padding: 8px;\">Yes</td>\r\n        </tr>\r\n        <tr style=\"border-bottom: 1px solid #ddd;\">\r\n            <td style=\"padding: 8px; color: #878787;\">Net Quantity</td>\r\n            <td style=\"padding: 8px;\">2</td>\r\n        </tr>\r\n    </table>\r\n</div>\r\n', '18.jpg', 99, 'In Stock', NULL),
(19, 4, 19, 'boAt 20000 mAh 22.5 W Power Bank  (Carbon Black, Lithium Polymer, Fast Charging, Quick Charge 3.0, Power Delivery 3.0 for Mobile, Tablet)', 'boAt', 1399, 0, '<div class=\"product-details\" style=\"margin: 0; padding: 16px; font-size: 18px; color: #212121; font-family: Roboto, Arial, sans-serif;\">\r\n    <table style=\"width: 100%; border-collapse: collapse; font-size: 14px; line-height: 1.6; color: #333;\">\r\n        <tr style=\"border-bottom: 1px solid #ddd;\">\r\n            <td style=\"width: 30%; padding: 8px; color: #878787;\">Capacity</td>\r\n            <td style=\"width: 70%; padding: 8px;\">20000mAh capacity with Smart Power Management</td>\r\n        </tr>\r\n        <tr style=\"border-bottom: 1px solid #ddd;\">\r\n            <td style=\"padding: 8px; color: #878787;\">Charging Speed</td>\r\n            <td style=\"padding: 8px;\">Lightning quick charge</td>\r\n        </tr>\r\n        <tr style=\"border-bottom: 1px solid #ddd;\">\r\n            <td style=\"padding: 8px; color: #878787;\">Compatibility</td>\r\n            <td style=\"padding: 8px;\">Universal compatibility</td>\r\n        </tr>\r\n        <tr style=\"border-bottom: 1px solid #ddd;\">\r\n            <td style=\"padding: 8px; color: #878787;\">Ease of Use</td>\r\n            <td style=\"padding: 8px;\">Hassle-free charge</td>\r\n        </tr>\r\n        <tr style=\"border-bottom: 1px solid #ddd;\">\r\n            <td style=\"padding: 8px; color: #878787;\">Durability</td>\r\n            <td style=\"padding: 8px;\">Ultra-Durability including High Temperature and Scratch Resistance</td>\r\n        </tr>\r\n        <tr style=\"border-bottom: 1px solid #ddd;\">\r\n            <td style=\"padding: 8px; color: #878787;\">Protection</td>\r\n            <td style=\"padding: 8px;\">Built-in 12-layer Smart IC protection from short circuit, over charge & over discharge</td>\r\n        </tr>\r\n        <tr style=\"border-bottom: 1px solid #ddd;\">\r\n            <td style=\"padding: 8px; color: #878787;\">Control</td>\r\n            <td style=\"padding: 8px;\">Input/Output control and LED indicators</td>\r\n        </tr>\r\n        <tr style=\"border-bottom: 1px solid #ddd;\">\r\n            <td style=\"padding: 8px; color: #878787;\">Battery Type</td>\r\n            <td style=\"padding: 8px;\">Lithium Polymer Battery | Type-A, Type-C Connector</td>\r\n        </tr>\r\n        <tr style=\"border-bottom: 1px solid #ddd;\">\r\n            <td style=\"padding: 8px; color: #878787;\">Power Source</td>\r\n            <td style=\"padding: 8px;\">Power Source: Adapter</td>\r\n        </tr>\r\n        <tr style=\"border-bottom: 1px solid #ddd;\">\r\n            <td style=\"padding: 8px; color: #878787;\">Accessories</td>\r\n            <td style=\"padding: 8px;\">Charging Cable Included</td>\r\n        </tr>\r\n    </table>\r\n</div>\r\n', '19.jpg', 0, 'In Stock', NULL);
INSERT INTO `products` (`id`, `category`, `subCategory`, `productName`, `productCompany`, `productPrice`, `productPriceBeforeDiscount`, `productDescription`, `productImage1`, `shippingCharge`, `productAvailability`, `updationDate`) VALUES
(20, 4, 20, 'M/S DSNS Wall Charger Hook Mobile Phone Holder Universal Cellphone Hanging Stand Bracket Hooks Charging Dock T1310 (White Pack OF 1) Mobile Holder', 'M/S DSNS', 168, 0, '<div class=\"product-details\" style=\"margin: 0; padding: 16px; font-size: 18px; color: #212121; font-family: Roboto, Arial, sans-serif;\">\r\n    <table style=\"width: 100%; border-collapse: collapse; font-size: 14px; line-height: 1.6; color: #333;\">\r\n        <tr style=\"border-bottom: 1px solid #ddd;\">\r\n            <td style=\"width: 30%; padding: 8px; color: #878787;\">Brand</td>\r\n            <td style=\"width: 70%; padding: 8px;\">M/S DSNS</td>\r\n        </tr>\r\n        <tr style=\"border-bottom: 1px solid #ddd;\">\r\n            <td style=\"padding: 8px; color: #878787;\">Model Number</td>\r\n            <td style=\"padding: 8px;\">Wall Charger Hook Mobile Phone Holder Universal Cellphone Hanging Stand Bracket Hooks Charging Dock T1310 (White Pack OF 1)</td>\r\n        </tr>\r\n        <tr style=\"border-bottom: 1px solid #ddd;\">\r\n            <td style=\"padding: 8px; color: #878787;\">Material</td>\r\n            <td style=\"padding: 8px;\">Plastic</td>\r\n        </tr>\r\n        <tr style=\"border-bottom: 1px solid #ddd;\">\r\n            <td style=\"padding: 8px; color: #878787;\">Compatible With</td>\r\n            <td style=\"padding: 8px;\">All Mobiles & Smartphones, AC/TV & Remote Holder</td>\r\n        </tr>\r\n        <tr style=\"border-bottom: 1px solid #ddd;\">\r\n            <td style=\"padding: 8px; color: #878787;\">Type</td>\r\n            <td style=\"padding: 8px;\">Hanging</td>\r\n        </tr>\r\n        <tr style=\"border-bottom: 1px solid #ddd;\">\r\n            <td style=\"padding: 8px; color: #878787;\">Mount Type</td>\r\n            <td style=\"padding: 8px;\">Stand</td>\r\n        </tr>\r\n        <tr style=\"border-bottom: 1px solid #ddd;\">\r\n            <td style=\"padding: 8px; color: #878787;\">Foldable</td>\r\n            <td style=\"padding: 8px;\">No</td>\r\n        </tr>\r\n        <tr style=\"border-bottom: 1px solid #ddd;\">\r\n            <td style=\"padding: 8px; color: #878787;\">Color</td>\r\n            <td style=\"padding: 8px;\">White</td>\r\n        </tr>\r\n    </table>\r\n</div>\r\n', '20.jpg', 0, 'In Stock', NULL),
(21, 5, 21, 'Salty Alpha Jacob Neck Chain for Men & Boys | Stainless Steel Pendant Locket Necklace | Men\'s Jewellery | Modern Design', 'Salty Alpha', 959, 0, '<div class=\"product-details\" style=\"margin: 0; padding: 16px; font-size: 18px; color: #212121; font-family: Roboto, Arial, sans-serif;\">\r\n    <table style=\"width: 100%; border-collapse: collapse; font-size: 14px; line-height: 1.6; color: #333;\">\r\n        <tr style=\"border-bottom: 1px solid #ddd;\">\r\n            <td style=\"width: 30%; padding: 8px; color: #878787;\">Clasp Type</td>\r\n            <td style=\"width: 70%; padding: 8px;\">Lobster</td>\r\n        </tr>\r\n        <tr style=\"border-bottom: 1px solid #ddd;\">\r\n            <td style=\"padding: 8px; color: #878787;\">Material Type</td>\r\n            <td style=\"padding: 8px;\">Stainless Steel</td>\r\n        </tr>\r\n        <tr style=\"border-bottom: 1px solid #ddd;\">\r\n            <td style=\"padding: 8px; color: #878787;\">Metal Type</td>\r\n            <td style=\"padding: 8px;\">Stainless Steel</td>\r\n        </tr>\r\n        <tr style=\"border-bottom: 1px solid #ddd;\">\r\n            <td style=\"padding: 8px; color: #878787;\">Gem Type</td>\r\n            <td style=\"padding: 8px;\">No Gemstone</td>\r\n        </tr>\r\n        <tr style=\"border-bottom: 1px solid #ddd;\">\r\n            <td style=\"padding: 8px; color: #878787;\">Occasion Type</td>\r\n            <td style=\"padding: 8px;\">Diwali, Happy Birthday, Anniversary, Thanksgiving, Memorial Day</td>\r\n        </tr>\r\n        <tr style=\"border-bottom: 1px solid #ddd;\">\r\n            <td style=\"padding: 8px; color: #878787;\">Item Type Name</td>\r\n            <td style=\"padding: 8px;\">Pendant Necklaces</td>\r\n        </tr>\r\n        <tr style=\"border-bottom: 1px solid #ddd;\">\r\n            <td style=\"padding: 8px; color: #878787;\">Country of Origin</td>\r\n            <td style=\"padding: 8px;\">India</td>\r\n        </tr>\r\n    </table>\r\n</div>\r\n', '21.jpg', 0, 'In Stock', NULL),
(22, 5, 22, 'Sukkhi Seaside Rose Gold Plated Pink AD Stones & Beads Choker Necklace Set With Earring And Maangtika | Jewellery Set For Women ', 'Sukkhi', 499, 0, '<div class=\"product-details\" style=\"margin: 0; padding: 16px; font-size: 18px; color: #212121; font-family: Roboto, Arial, sans-serif;\">\r\n    <table style=\"width: 100%; border-collapse: collapse; font-size: 14px; line-height: 1.6; color: #333;\">\r\n        <tr style=\"border-bottom: 1px solid #ddd;\">\r\n            <td style=\"width: 30%; padding: 8px; color: #878787;\">Clasp Type</td>\r\n            <td style=\"width: 70%; padding: 8px;\">Lobster, Slide Clasp</td>\r\n        </tr>\r\n        <tr style=\"border-bottom: 1px solid #ddd;\">\r\n            <td style=\"padding: 8px; color: #878787;\">Material Type</td>\r\n            <td style=\"padding: 8px;\">Metal</td>\r\n        </tr>\r\n        <tr style=\"border-bottom: 1px solid #ddd;\">\r\n            <td style=\"padding: 8px; color: #878787;\">Metal Type</td>\r\n            <td style=\"padding: 8px;\">Alloy</td>\r\n        </tr>\r\n        <tr style=\"border-bottom: 1px solid #ddd;\">\r\n            <td style=\"padding: 8px; color: #878787;\">Chain Type</td>\r\n            <td style=\"padding: 8px;\">Dori</td>\r\n        </tr>\r\n        <tr style=\"border-bottom: 1px solid #ddd;\">\r\n            <td style=\"padding: 8px; color: #878787;\">Gem Type</td>\r\n            <td style=\"padding: 8px;\">No Gemstone</td>\r\n        </tr>\r\n        <tr style=\"border-bottom: 1px solid #ddd;\">\r\n            <td style=\"padding: 8px; color: #878787;\">Occasion Type</td>\r\n            <td style=\"padding: 8px;\">Engagement, Wedding, Diwali, Anniversary, Women\'s Day</td>\r\n        </tr>\r\n        <tr style=\"border-bottom: 1px solid #ddd;\">\r\n            <td style=\"padding: 8px; color: #878787;\">Country of Origin</td>\r\n            <td style=\"padding: 8px;\">India</td>\r\n        </tr>\r\n    </table>\r\n</div>\r\n', '22.jpg', 0, 'In Stock', NULL),
(23, 5, 23, 'Shining Diva Fashion Bohemian Stackable Multilayer Hamsa Hand Evil Eye Lucky Protection Bracelets Multicolor Crystal Charm Beaded Bracelet for Women Girls', 'Shining Diva Fashion', 299, 0, '<div class=\"product-details\" style=\"margin: 0; padding: 16px; font-size: 18px; color: #212121; font-family: Roboto, Arial, sans-serif;\">\r\n    <table style=\"width: 100%; border-collapse: collapse; font-size: 14px; line-height: 1.6; color: #333;\">\r\n        <tr style=\"border-bottom: 1px solid #ddd;\">\r\n            <td style=\"width: 30%; padding: 8px; color: #878787;\">Color</td>\r\n            <td style=\"width: 70%; padding: 8px;\">\r\n                A Black, A Blue, A Multicolor, A Navy Blue, A Peach, A Pink, A Red, A White, B Beige, B Black, B Blue, B Grey, B Red,\r\n                C Beige, C Black, C Blue, C Dark Blue, C Maroon, C Multi, C Multicolor, C Pink, C Red,\r\n                D Black, D Blue, D Brown, D Cream, D Red,\r\n                E Brown, E Green, E Grey, E Maroon, E Pink\r\n            </td>\r\n        </tr>\r\n        <tr style=\"border-bottom: 1px solid #ddd;\">\r\n            <td style=\"padding: 8px; color: #878787;\">Material Type</td>\r\n            <td style=\"padding: 8px;\">Crystal</td>\r\n        </tr>\r\n        <tr style=\"border-bottom: 1px solid #ddd;\">\r\n            <td style=\"padding: 8px; color: #878787;\">Metal Type</td>\r\n            <td style=\"padding: 8px;\">No Metal Type</td>\r\n        </tr>\r\n        <tr style=\"border-bottom: 1px solid #ddd;\">\r\n            <td style=\"padding: 8px; color: #878787;\">Clasp Type</td>\r\n            <td style=\"padding: 8px;\">Lobster Claw</td>\r\n        </tr>\r\n        <tr style=\"border-bottom: 1px solid #ddd;\">\r\n            <td style=\"padding: 8px; color: #878787;\">Size</td>\r\n            <td style=\"padding: 8px;\">One Size</td>\r\n        </tr>\r\n        <tr style=\"border-bottom: 1px solid #ddd;\">\r\n            <td style=\"padding: 8px; color: #878787;\">Gem Type</td>\r\n            <td style=\"padding: 8px;\">No Gemstone</td>\r\n        </tr>\r\n        <tr style=\"border-bottom: 1px solid #ddd;\">\r\n            <td style=\"padding: 8px; color: #878787;\">Occasion Type</td>\r\n            <td style=\"padding: 8px;\">Party, Wedding, Happy Birthday, Anniversary</td>\r\n        </tr>\r\n        <tr style=\"border-bottom: 1px solid #ddd;\">\r\n            <td style=\"padding: 8px; color: #878787;\">Country of Origin</td>\r\n            <td style=\"padding: 8px;\">India</td>\r\n        </tr>\r\n    </table>\r\n</div>\r\n', '23.jpg', 0, 'In Stock', NULL),
(24, 5, 24, 'Shining Diva Fashion 18k Rose Gold Plated Latest Fancy Stylish Copper Zircon Bali Earrings for Women and Girls', 'Shining Diva Fashion', 399, 0, '<div class=\"product-details\" style=\"margin: 0; padding: 16px; font-size: 18px; color: #212121; font-family: Roboto, Arial, sans-serif;\">\r\n    <table style=\"width: 100%; border-collapse: collapse; font-size: 14px; line-height: 1.6; color: #333;\">\r\n        <tr style=\"border-bottom: 1px solid #ddd;\">\r\n            <td style=\"width: 30%; padding: 8px; color: #878787;\">Material Type</td>\r\n            <td style=\"width: 70%; padding: 8px;\">Copper</td>\r\n        </tr>\r\n        <tr style=\"border-bottom: 1px solid #ddd;\">\r\n            <td style=\"padding: 8px; color: #878787;\">Metal Type</td>\r\n            <td style=\"padding: 8px;\">Copper</td>\r\n        </tr>\r\n        <tr style=\"border-bottom: 1px solid #ddd;\">\r\n            <td style=\"padding: 8px; color: #878787;\">Gem Type</td>\r\n            <td style=\"padding: 8px;\">No Gemstone</td>\r\n        </tr>\r\n        <tr style=\"border-bottom: 1px solid #ddd;\">\r\n            <td style=\"padding: 8px; color: #878787;\">Occasion Type</td>\r\n            <td style=\"padding: 8px;\">Wedding, Party wear, Daily wear, Anniversary, Birthday, Valentine\'s Day</td>\r\n        </tr>\r\n        <tr style=\"border-bottom: 1px solid #ddd;\">\r\n            <td style=\"padding: 8px; color: #878787;\">Item Type Name</td>\r\n            <td style=\"padding: 8px;\">Earrings</td>\r\n        </tr>\r\n        <tr style=\"border-bottom: 1px solid #ddd;\">\r\n            <td style=\"padding: 8px; color: #878787;\">Country of Origin</td>\r\n            <td style=\"padding: 8px;\">India</td>\r\n        </tr>\r\n    </table>\r\n</div>\r\n', '24.jpg', 0, 'In Stock', NULL),
(25, 5, 25, 'ZAVERI PEARLS Set of 3 Rose Gold Contemporary Cubic Zirconia Brass Adjustable Rings For Women', 'ZAVERI PEARLS', 328, 0, '<div class=\"product-details\" style=\"margin: 0; padding: 16px; font-size: 18px; color: #212121; font-family: Roboto, Arial, sans-serif;\">\r\n    <table style=\"width: 100%; border-collapse: collapse; font-size: 14px; line-height: 1.6; color: #333;\">\r\n        <tr style=\"border-bottom: 1px solid #ddd;\">\r\n            <td style=\"width: 30%; padding: 8px; color: #878787;\">Ring size</td>\r\n            <td style=\"width: 70%; padding: 8px;\">Adjustable</td>\r\n        </tr>\r\n        <tr style=\"border-bottom: 1px solid #ddd;\">\r\n            <td style=\"padding: 8px; color: #878787;\">Material type</td>\r\n            <td style=\"padding: 8px;\">Brass</td>\r\n        </tr>\r\n        <tr style=\"border-bottom: 1px solid #ddd;\">\r\n            <td style=\"padding: 8px; color: #878787;\">Metal type</td>\r\n            <td style=\"padding: 8px;\">Rose Gold</td>\r\n        </tr>\r\n        <tr style=\"border-bottom: 1px solid #ddd;\">\r\n            <td style=\"padding: 8px; color: #878787;\">Gem type</td>\r\n            <td style=\"padding: 8px;\">Cubic Zirconia</td>\r\n        </tr>\r\n        <tr style=\"border-bottom: 1px solid #ddd;\">\r\n            <td style=\"padding: 8px; color: #878787;\">Occasion type</td>\r\n            <td style=\"padding: 8px;\">Wedding</td>\r\n        </tr>\r\n        <tr style=\"border-bottom: 1px solid #ddd;\">\r\n            <td style=\"padding: 8px; color: #878787;\">Item type name</td>\r\n            <td style=\"padding: 8px;\">Rings</td>\r\n        </tr>\r\n        <tr style=\"border-bottom: 1px solid #ddd;\">\r\n            <td style=\"padding: 8px; color: #878787;\">Country of Origin</td>\r\n            <td style=\"padding: 8px;\">India</td>\r\n        </tr>\r\n    </table>\r\n</div>\r\n', '25.jpg', 0, 'In Stock', NULL),
(26, 6, 26, 'SHOEGR Instant Shoe Cleaning Kit | 150ml Shoe Cleaning Foam & 1 All-Purpose Brush, White Shoe Cleaning Kit, Shoe Cleaner Kit For Sneakers, Sports, Suede, Rubber | Shoe Cleaner Foam Spray', 'SHOEGR', 278, 0, '<div class=\"product-details\" style=\"margin: 0; padding: 16px; font-size: 18px; color: #212121; font-family: Roboto, Arial, sans-serif;\">\n    <table style=\"width: 100%; border-collapse: collapse; font-size: 14px; line-height: 1.6; color: #333;\">\n        <tr style=\"border-bottom: 1px solid #ddd;\">\n            <td style=\"width: 30%; padding: 8px; color: #878787;\">Water resistance level</td>\n            <td style=\"width: 70%; padding: 8px;\">Not Water Resistant</td>\n        </tr>\n        <tr style=\"border-bottom: 1px solid #ddd;\">\n            <td style=\"padding: 8px; color: #878787;\">Country of Origin</td>\n            <td style=\"padding: 8px;\">India</td>\n        </tr>\n        <tr style=\"border-bottom: 1px solid #ddd;\">\n            <td style=\"padding: 8px; color: #878787;\"></td>\n            <td style=\"padding: 8px;\"></td>\n        </tr>\n        <tr style=\"border-bottom: 1px solid #ddd;\">\n            <td style=\"padding: 8px; color: #878787;\"></td>\n            <td style=\"padding: 8px;\"></td>\n        </tr>\n        <tr style=\"border-bottom: 1px solid #ddd;\">\n            <td style=\"padding: 8px; color: #878787;\"></td>\n            <td style=\"padding: 8px;\"></td>\n        </tr>\n    </table>\n</div>\n', '26.jpg', 0, 'In Stock', NULL),
(27, 6, 27, 'SPARNOD FITNESS SAB-05 Upright Air Bike Exercise Cycle for Home Gym ', 'SPARNOD', 7099, 0, '<div class=\"product-details\" style=\"margin: 0; padding: 16px; font-size: 18px; color: #212121; font-family: Roboto, Arial, sans-serif;\">\r\n    <table style=\"width: 100%; border-collapse: collapse; font-size: 14px; line-height: 1.6; color: #333;\">\r\n        <tr style=\"border-bottom: 1px solid #ddd;\">\r\n            <td style=\"width: 30%; padding: 8px; color: #878787;\">Brand</td>\r\n            <td style=\"width: 70%; padding: 8px;\">SPARNOD FITNESS</td>\r\n        </tr>\r\n        <tr style=\"border-bottom: 1px solid #ddd;\">\r\n            <td style=\"padding: 8px; color: #878787;\">Special Feature</td>\r\n            <td style=\"padding: 8px;\">Adjustable</td>\r\n        </tr>\r\n        <tr style=\"border-bottom: 1px solid #ddd;\">\r\n            <td style=\"padding: 8px; color: #878787;\">Colour</td>\r\n            <td style=\"padding: 8px;\">Black</td>\r\n        </tr>\r\n        <tr style=\"border-bottom: 1px solid #ddd;\">\r\n            <td style=\"padding: 8px; color: #878787;\">Power Source</td>\r\n            <td style=\"padding: 8px;\">Manual</td>\r\n        </tr>\r\n        <tr style=\"border-bottom: 1px solid #ddd;\">\r\n            <td style=\"padding: 8px; color: #878787;\">Recommended Uses For Product</td>\r\n            <td style=\"padding: 8px;\">Indoor</td>\r\n        </tr>\r\n    </table>\r\n</div>\r\n', '27.jpg', 199, 'In Stock', NULL),
(28, 6, 28, 'AVANT Men\'s Hydra Running & Training Shoes - Superior Cushioning, Enhanced Grip TPU Outsole, Superior Traction, Anti Skid, Lightweight, Shock Absorption Tech, Sports Footwear', 'AVANT', 1159, 0, '<div class=\"product-details\" style=\"margin: 0; padding: 16px; font-size: 18px; color: #212121; font-family: Roboto, Arial, sans-serif;\">\r\n    <table style=\"width: 100%; border-collapse: collapse; font-size: 14px; line-height: 1.6; color: #333;\">\r\n        <tr style=\"border-bottom: 1px solid #ddd;\">\r\n            <td style=\"width: 30%; padding: 8px; color: #878787;\">Material type</td>\r\n            <td style=\"width: 70%; padding: 8px;\">Mesh</td>\r\n        </tr>\r\n        <tr style=\"border-bottom: 1px solid #ddd;\">\r\n            <td style=\"padding: 8px; color: #878787;\">Closure type</td>\r\n            <td style=\"padding: 8px;\">Lace-Up</td>\r\n        </tr>\r\n        <tr style=\"border-bottom: 1px solid #ddd;\">\r\n            <td style=\"padding: 8px; color: #878787;\">Heel type</td>\r\n            <td style=\"padding: 8px;\">Flat</td>\r\n        </tr>\r\n        <tr style=\"border-bottom: 1px solid #ddd;\">\r\n            <td style=\"padding: 8px; color: #878787;\">Water resistance level</td>\r\n            <td style=\"padding: 8px;\">Not Water Resistant</td>\r\n        </tr>\r\n        <tr style=\"border-bottom: 1px solid #ddd;\">\r\n            <td style=\"padding: 8px; color: #878787;\">Sole material</td>\r\n            <td style=\"padding: 8px;\">EVA+TPR</td>\r\n        </tr>\r\n        <tr style=\"border-bottom: 1px solid #ddd;\">\r\n            <td style=\"padding: 8px; color: #878787;\">Style</td>\r\n            <td style=\"padding: 8px;\">Sports Shoes</td>\r\n        </tr>\r\n        <tr style=\"border-bottom: 1px solid #ddd;\">\r\n            <td style=\"padding: 8px; color: #878787;\">Country of Origin</td>\r\n            <td style=\"padding: 8px;\">India</td>\r\n        </tr>\r\n        <tr style=\"border-bottom: 1px solid #ddd;\">\r\n            <td style=\"padding: 8px; color: #878787;\">Brand Size</td>\r\n            <td style=\"padding: 8px;\">\r\n                <table style=\"width: 100%; border-collapse: collapse;\">\r\n                    <tr style=\"border-bottom: 1px solid #ddd;\">\r\n                        <td style=\"padding: 8px;\">Brand Size</td>\r\n                        <td style=\"padding: 8px;\">EU</td>\r\n                        <td style=\"padding: 8px;\">USA</td>\r\n                        <td style=\"padding: 8px;\">Heel to toe (in)</td>\r\n                    </tr>\r\n                    <tr style=\"border-bottom: 1px solid #ddd;\">\r\n                        <td style=\"padding: 8px;\">3</td>\r\n                        <td style=\"padding: 8px;\">35.5</td>\r\n                        <td style=\"padding: 8px;\">4</td>\r\n                        <td style=\"padding: 8px;\">8.6</td>\r\n                    </tr>\r\n                    <tr style=\"border-bottom: 1px solid #ddd;\">\r\n                        <td style=\"padding: 8px;\">3.5</td>\r\n                        <td style=\"padding: 8px;\">36</td>\r\n                        <td style=\"padding: 8px;\">4.5</td>\r\n                        <td style=\"padding: 8px;\">8.8</td>\r\n                    </tr>\r\n                    <tr style=\"border-bottom: 1px solid #ddd;\">\r\n                        <td style=\"padding: 8px;\">4</td>\r\n                        <td style=\"padding: 8px;\">37</td>\r\n                        <td style=\"padding: 8px;\">5</td>\r\n                        <td style=\"padding: 8px;\">9</td>\r\n                    </tr>\r\n                    <tr style=\"border-bottom: 1px solid #ddd;\">\r\n                        <td style=\"padding: 8px;\">4.5</td>\r\n                        <td style=\"padding: 8px;\">37.5</td>\r\n                        <td style=\"padding: 8px;\">5.5</td>\r\n                        <td style=\"padding: 8px;\">9.1</td>\r\n                    </tr>\r\n                    <tr style=\"border-bottom: 1px solid #ddd;\">\r\n                        <td style=\"padding: 8px;\">5</td>\r\n                        <td style=\"padding: 8px;\">38</td>\r\n                        <td style=\"padding: 8px;\">6</td>\r\n                        <td style=\"padding: 8px;\">9.3</td>\r\n                    </tr>\r\n                    <!-- Add the rest of the size details similarly -->\r\n                </table>\r\n            </td>\r\n        </tr>\r\n    </table>\r\n</div>\r\n', '28.jpg', 49, 'In Stock', NULL),
(29, 6, 29, 'STRCH Women\'s Nylon On The Move Criss Cross Waistband Leggings', 'STRCH', 1699, 0, '<div class=\"product-details\" style=\"margin: 0; padding: 16px; font-size: 18px; color: #212121; font-family: Roboto, Arial, sans-serif;\">\r\n    <table style=\"width: 100%; border-collapse: collapse; font-size: 14px; line-height: 1.6; color: #333;\">\r\n        <tr style=\"border-bottom: 1px solid #ddd;\">\r\n            <td style=\"width: 30%; padding: 8px; color: #878787;\">Color</td>\r\n            <td style=\"width: 70%; padding: 8px;\">Black, Grey, Maroon, Blue</td>\r\n        </tr>\r\n        <tr style=\"border-bottom: 1px solid #ddd;\">\r\n            <td style=\"padding: 8px; color: #878787;\">Material Type</td>\r\n            <td style=\"padding: 8px;\">75% Nylon, 25% Spandex</td>\r\n        </tr>\r\n        <tr style=\"border-bottom: 1px solid #ddd;\">\r\n            <td style=\"padding: 8px; color: #878787;\">Style</td>\r\n            <td style=\"padding: 8px;\">Western</td>\r\n        </tr>\r\n        <tr style=\"border-bottom: 1px solid #ddd;\">\r\n            <td style=\"padding: 8px; color: #878787;\">Closure Type</td>\r\n            <td style=\"padding: 8px;\">Pull-On</td>\r\n        </tr>\r\n        <tr style=\"border-bottom: 1px solid #ddd;\">\r\n            <td style=\"padding: 8px; color: #878787;\">Care Instructions</td>\r\n            <td style=\"padding: 8px;\">Machine Wash</td>\r\n        </tr>\r\n        <tr style=\"border-bottom: 1px solid #ddd;\">\r\n            <td style=\"padding: 8px; color: #878787;\">Pattern</td>\r\n            <td style=\"padding: 8px;\">Solid</td>\r\n        </tr>\r\n        <tr style=\"border-bottom: 1px solid #ddd;\">\r\n            <td style=\"padding: 8px; color: #878787;\">Rise Style</td>\r\n            <td style=\"padding: 8px;\">High Rise</td>\r\n        </tr>\r\n        <tr style=\"border-bottom: 1px solid #ddd;\">\r\n            <td style=\"padding: 8px; color: #878787;\">Country of Origin</td>\r\n            <td style=\"padding: 8px;\">India</td>\r\n        </tr>\r\n    </table>\r\n</div>\r\n', '29.jpg', 0, 'In Stock', NULL),
(30, 6, 30, 'Mayor Tesla Gym Gloves For Men&Women With Wrist Support Accessories,Gloves For Gym Workout,Training And Exercise With Pullers,Gym Gloves For Weightlifting(Black/Blue),Large', 'Mayor Tesla', 237, 0, '<div class=\"product-details\" style=\"margin: 0; padding: 16px; font-size: 18px; color: #212121; font-family: Roboto, Arial, sans-serif;\">\r\n    <table style=\"width: 100%; border-collapse: collapse; font-size: 14px; line-height: 1.6; color: #333;\">\r\n        <tr style=\"border-bottom: 1px solid #ddd;\">\r\n            <td style=\"width: 30%; padding: 8px; color: #878787;\">Brand</td>\r\n            <td style=\"width: 70%; padding: 8px;\">Mayor</td>\r\n        </tr>\r\n        <tr style=\"border-bottom: 1px solid #ddd;\">\r\n            <td style=\"padding: 8px; color: #878787;\">Material</td>\r\n            <td style=\"padding: 8px;\">Neoprene</td>\r\n        </tr>\r\n        <tr style=\"border-bottom: 1px solid #ddd;\">\r\n            <td style=\"padding: 8px; color: #878787;\">Size</td>\r\n            <td style=\"padding: 8px;\">L</td>\r\n        </tr>\r\n        <tr style=\"border-bottom: 1px solid #ddd;\">\r\n            <td style=\"padding: 8px; color: #878787;\">Sport</td>\r\n            <td style=\"padding: 8px;\">Exercise and Fitness</td>\r\n        </tr>\r\n        <tr style=\"border-bottom: 1px solid #ddd;\">\r\n            <td style=\"padding: 8px; color: #878787;\">Age Range (Description)</td>\r\n            <td style=\"padding: 8px;\">Adult</td>\r\n        </tr>\r\n        <tr style=\"border-bottom: 1px solid #ddd;\">\r\n            <td style=\"padding: 8px; color: #878787;\">Colour</td>\r\n            <td style=\"padding: 8px;\">Blue/Black</td>\r\n        </tr>\r\n        <tr style=\"border-bottom: 1px solid #ddd;\">\r\n            <td style=\"padding: 8px; color: #878787;\">Special Feature</td>\r\n            <td style=\"padding: 8px;\">Adjustable</td>\r\n        </tr>\r\n        <tr style=\"border-bottom: 1px solid #ddd;\">\r\n            <td style=\"padding: 8px; color: #878787;\">Hand Orientation</td>\r\n            <td style=\"padding: 8px;\">Ambidextrous</td>\r\n        </tr>\r\n        <tr style=\"border-bottom: 1px solid #ddd;\">\r\n            <td style=\"padding: 8px; color: #878787;\">Item Package Quantity</td>\r\n            <td style=\"padding: 8px;\">1</td>\r\n        </tr>\r\n        <tr style=\"border-bottom: 1px solid #ddd;\">\r\n            <td style=\"padding: 8px; color: #878787;\">Product Care Instructions</td>\r\n            <td style=\"padding: 8px;\">Machine Wash</td>\r\n        </tr>\r\n    </table>\r\n</div>\r\n', '30.jpg', 0, 'In Stock', NULL),
(31, 7, 31, 'Glamveda Rice & Ceramide Korean Glass Skin Peel off mask 100gm | For Flawless Skin & Radiant Skin Tone | paraben free', 'Glamveda', 155, 0, '<div class=\"product-details\" style=\"margin: 0; padding: 16px; font-size: 18px; color: #212121; font-family: Roboto, Arial, sans-serif;\">\r\n    <table style=\"width: 100%; border-collapse: collapse; font-size: 14px; line-height: 1.6; color: #333;\">\r\n        <tr style=\"border-bottom: 1px solid #ddd;\">\r\n            <td style=\"width: 30%; padding: 8px; color: #878787;\">Brand</td>\r\n            <td style=\"width: 70%; padding: 8px;\">GLAMVEDA</td>\r\n        </tr>\r\n        <tr style=\"border-bottom: 1px solid #ddd;\">\r\n            <td style=\"padding: 8px; color: #878787;\">Item Form</td>\r\n            <td style=\"padding: 8px;\">Paste</td>\r\n        </tr>\r\n        <tr style=\"border-bottom: 1px solid #ddd;\">\r\n            <td style=\"padding: 8px; color: #878787;\">Product Benefits</td>\r\n            <td style=\"padding: 8px;\">Fine Lines Treatment</td>\r\n        </tr>\r\n        <tr style=\"border-bottom: 1px solid #ddd;\">\r\n            <td style=\"padding: 8px; color: #878787;\">Scent</td>\r\n            <td style=\"padding: 8px;\">Rice & Ceramide</td>\r\n        </tr>\r\n        <tr style=\"border-bottom: 1px solid #ddd;\">\r\n            <td style=\"padding: 8px; color: #878787;\">Material Type Free</td>\r\n            <td style=\"padding: 8px;\">Paraben Free</td>\r\n        </tr>\r\n        <tr style=\"border-bottom: 1px solid #ddd;\">\r\n            <td style=\"padding: 8px; color: #878787;\">Skin Type</td>\r\n            <td style=\"padding: 8px;\">All</td>\r\n        </tr>\r\n        <tr style=\"border-bottom: 1px solid #ddd;\">\r\n            <td style=\"padding: 8px; color: #878787;\">Special Feature</td>\r\n            <td style=\"padding: 8px;\">Not Tested On Animals</td>\r\n        </tr>\r\n        <tr style=\"border-bottom: 1px solid #ddd;\">\r\n            <td style=\"padding: 8px; color: #878787;\">Net Quantity</td>\r\n            <td style=\"padding: 8px;\">100.0 gram</td>\r\n        </tr>\r\n        <tr style=\"border-bottom: 1px solid #ddd;\">\r\n            <td style=\"padding: 8px; color: #878787;\">Number of Items</td>\r\n            <td style=\"padding: 8px;\">1</td>\r\n        </tr>\r\n        <tr style=\"border-bottom: 1px solid #ddd;\">\r\n            <td style=\"padding: 8px; color: #878787;\">Material Feature</td>\r\n            <td style=\"padding: 8px;\">Natural</td>\r\n        </tr>\r\n    </table>\r\n</div>\r\n', '31.jpg', 0, 'In Stock', NULL),
(32, 7, 32, 'L\'Oreal Paris Hyaluron Moisture 72H Moisture Sealing Conditioner | For Dry & Dehydrated Hair, 386 ml | Makes your hair shiny, manageable and bouncy | L\'Oreal Paris', 'L\'Oreal', 264, 0, '<div class=\"product-details\" style=\"margin: 0; padding: 16px; font-size: 18px; color: #212121; font-family: Roboto, Arial, sans-serif;\">\r\n    <table style=\"width: 100%; border-collapse: collapse; font-size: 14px; line-height: 1.6; color: #333;\">\r\n        <tr style=\"border-bottom: 1px solid #ddd;\">\r\n            <td style=\"width: 30%; padding: 8px; color: #878787;\">Brand</td>\r\n            <td style=\"width: 70%; padding: 8px;\">L’Oréal Paris</td>\r\n        </tr>\r\n        <tr style=\"border-bottom: 1px solid #ddd;\">\r\n            <td style=\"padding: 8px; color: #878787;\">Item Form</td>\r\n            <td style=\"padding: 8px;\">Cream</td>\r\n        </tr>\r\n        <tr style=\"border-bottom: 1px solid #ddd;\">\r\n            <td style=\"padding: 8px; color: #878787;\">Material Feature</td>\r\n            <td style=\"padding: 8px;\">Cruelty Free</td>\r\n        </tr>\r\n        <tr style=\"border-bottom: 1px solid #ddd;\">\r\n            <td style=\"padding: 8px; color: #878787;\">Hair Type</td>\r\n            <td style=\"padding: 8px;\">All</td>\r\n        </tr>\r\n        <tr style=\"border-bottom: 1px solid #ddd;\">\r\n            <td style=\"padding: 8px; color: #878787;\">Product Benefits</td>\r\n            <td style=\"padding: 8px;\">Hydrating, Moisturizing</td>\r\n        </tr>\r\n        <tr style=\"border-bottom: 1px solid #ddd;\">\r\n            <td style=\"padding: 8px; color: #878787;\">Age Range (Description)</td>\r\n            <td style=\"padding: 8px;\">Adult</td>\r\n        </tr>\r\n        <tr style=\"border-bottom: 1px solid #ddd;\">\r\n            <td style=\"padding: 8px; color: #878787;\">Recommended Uses For Product</td>\r\n            <td style=\"padding: 8px;\">Hair</td>\r\n        </tr>\r\n        <tr style=\"border-bottom: 1px solid #ddd;\">\r\n            <td style=\"padding: 8px; color: #878787;\">Net Quantity</td>\r\n            <td style=\"padding: 8px;\">386.0 millilitre</td>\r\n        </tr>\r\n        <tr style=\"border-bottom: 1px solid #ddd;\">\r\n            <td style=\"padding: 8px; color: #878787;\">Number of Items</td>\r\n            <td style=\"padding: 8px;\">1</td>\r\n        </tr>\r\n        <tr style=\"border-bottom: 1px solid #ddd;\">\r\n            <td style=\"padding: 8px; color: #878787;\">Scent</td>\r\n            <td style=\"padding: 8px;\">Fresh</td>\r\n        </tr>\r\n    </table>\r\n</div>\r\n', '32.jpg', 0, 'In Stock', NULL),
(33, 7, 33, 'Bella Vita Luxury Man Perfume Gift Set 4 x 20 ml for Men with KLUB, OUD, CEO, G.O.A.T Perfume | Woody, Citrusy Long Lasting EDP Fragrance Scent', 'Bella Vita', 399, 0, '<div class=\"product-details\" style=\"margin: 0; padding: 16px; font-size: 18px; color: #212121; font-family: Roboto, Arial, sans-serif;\">     <table style=\"width: 100%; border-collapse: collapse; font-size: 14px; line-height: 1.6; color: #333;\">         <tr style=\"border-bottom: 1px solid #ddd;\">             <td style=\"width: 30%; padding: 8px; color: #878787;\">Brand</td>             <td style=\"width: 70%; padding: 8px;\">Bella Vita Luxury</td>         </tr>         <tr style=\"border-bottom: 1px solid #ddd;\">             <td style=\"padding: 8px; color: #878787;\">Item Form</td>             <td style=\"padding: 8px;\">Liquid</td>         </tr>         <tr style=\"border-bottom: 1px solid #ddd;\">             <td style=\"padding: 8px; color: #878787;\">Item Volume</td>             <td style=\"padding: 8px;\">80 Millilitres</td>         </tr>         <tr style=\"border-bottom: 1px solid #ddd;\">             <td style=\"padding: 8px; color: #878787;\">Scent</td>             <td style=\"padding: 8px;\">Wood</td>         </tr>         <tr style=\"border-bottom: 1px solid #ddd;\">             <td style=\"padding: 8px; color: #878787;\">Special Feature</td>             <td style=\"padding: 8px;\">Not tested on animals</td>         </tr>         <tr style=\"border-bottom: 1px solid #ddd;\">             <td style=\"padding: 8px; color: #878787;\">Use by</td>             <td style=\"padding: 8px;\">30 SEP 2026</td>         </tr>     </table> </div>', '33.jpg', 0, 'In Stock', NULL),
(34, 7, 34, 'The Face Shop 2 Step Rice & Ceramide Skin Routine Ceramide Moisturizer For All Skin Types Barrier Repair Cream Korean Skin Care Products, 1 Count', 'Rice & Ceramide', 1299, 0, '<div class=\"product-details\" style=\"margin: 0; padding: 16px; font-size: 18px; color: #212121; font-family: Roboto, Arial, sans-serif;\">\r\n    <table style=\"width: 100%; border-collapse: collapse; font-size: 14px; line-height: 1.6; color: #333;\">\r\n        <tr style=\"border-bottom: 1px solid #ddd;\">\r\n            <td style=\"width: 30%; padding: 8px; color: #878787;\">Brand</td>\r\n            <td style=\"width: 70%; padding: 8px;\">The Face Shop</td>\r\n        </tr>\r\n        <tr style=\"border-bottom: 1px solid #ddd;\">\r\n            <td style=\"padding: 8px; color: #878787;\">Item Form</td>\r\n            <td style=\"padding: 8px;\">Cream</td>\r\n        </tr>\r\n        <tr style=\"border-bottom: 1px solid #ddd;\">\r\n            <td style=\"padding: 8px; color: #878787;\">Skin Type</td>\r\n            <td style=\"padding: 8px;\">All</td>\r\n        </tr>\r\n        <tr style=\"border-bottom: 1px solid #ddd;\">\r\n            <td style=\"padding: 8px; color: #878787;\">Product Benefits</td>\r\n            <td style=\"padding: 8px;\">Hydrating, Whitening, Moisturizing, Exfoliating</td>\r\n        </tr>\r\n        <tr style=\"border-bottom: 1px solid #ddd;\">\r\n            <td style=\"padding: 8px; color: #878787;\">Recommended Uses For Product</td>\r\n            <td style=\"padding: 8px;\">Dryness</td>\r\n        </tr>\r\n        <tr style=\"border-bottom: 1px solid #ddd;\">\r\n            <td style=\"padding: 8px; color: #878787;\">Material Feature</td>\r\n            <td style=\"padding: 8px;\">Natural</td>\r\n        </tr>\r\n        <tr style=\"border-bottom: 1px solid #ddd;\">\r\n            <td style=\"padding: 8px; color: #878787;\">Item Weight</td>\r\n            <td style=\"padding: 8px;\">380 Grams</td>\r\n        </tr>\r\n        <tr style=\"border-bottom: 1px solid #ddd;\">\r\n            <td style=\"padding: 8px; color: #878787;\">Active Ingredients</td>\r\n            <td style=\"padding: 8px;\">Ceramide</td>\r\n        </tr>\r\n        <tr style=\"border-bottom: 1px solid #ddd;\">\r\n            <td style=\"padding: 8px; color: #878787;\">Number of Items</td>\r\n            <td style=\"padding: 8px;\">1</td>\r\n        </tr>\r\n        <tr style=\"border-bottom: 1px solid #ddd;\">\r\n            <td style=\"padding: 8px; color: #878787;\">Net Quantity</td>\r\n            <td style=\"padding: 8px;\">300.0 grams</td>\r\n        </tr>\r\n    </table>\r\n</div>\r\n', '34.jpg', 0, 'In Stock', NULL),
(35, 7, 35, 'Nykaa Naturals Skin Secrets Bestseller Sheet Mask - Monthly Pack\r\n(5 pcs)', 'Nykaa', 399, 0, '<div class=\"product-details\" style=\"margin: 0; padding: 16px; font-size: 18px; color: #212121; font-family: Roboto, Arial, sans-serif;\">\r\n    <table style=\"width: 100%; border-collapse: collapse; font-size: 14px; line-height: 1.6; color: #333;\">\r\n        <tr style=\"border-bottom: 1px solid #ddd;\">\r\n            <td style=\"width: 30%; padding: 8px; color: #878787;\">Brand</td>\r\n            <td style=\"width: 70%; padding: 8px;\">Nykaa</td>\r\n        </tr>\r\n        <tr style=\"border-bottom: 1px solid #ddd;\">\r\n            <td style=\"padding: 8px; color: #878787;\">Item Form</td>\r\n            <td style=\"padding: 8px;\">Cream</td>\r\n        </tr>\r\n        <tr style=\"border-bottom: 1px solid #ddd;\">\r\n            <td style=\"padding: 8px; color: #878787;\">Monthly Pack</td>\r\n            <td style=\"padding: 8px;\">(5 Sheet Masks) Contains:</td>\r\n        </tr>\r\n        <tr style=\"border-bottom: 1px solid #ddd;\">\r\n            <td style=\"padding: 8px; color: #878787;\">Explore</td>\r\n            <td style=\"padding: 8px;\">Explore the entire range of Sheet Masks available on Nykaa. Shop more Nykaa Naturals products here.</td>\r\n        </tr>\r\n        <tr style=\"border-bottom: 1px solid #ddd;\">\r\n            <td style=\"padding: 8px; color: #878787;\">Nykaa Skin Secrets</td>\r\n            <td style=\"padding: 8px;\">Nykaa Skin Secrets Active Solutions Pearl + Hyaluronic Acid Sheet Mask For Glowing Skin: (MRP: 100.00/-) | Quantity: 1 | Expiry Date: 15 January 2027</td>\r\n        </tr>\r\n    </table>\r\n</div>\r\n', '35.jpg', 0, 'In Stock', NULL);

-- --------------------------------------------------------

--
-- Table structure for table `subcategory`
--

CREATE TABLE `subcategory` (
  `id` int(11) NOT NULL,
  `categoryid` int(11) DEFAULT NULL,
  `subcategory` varchar(255) DEFAULT NULL,
  `updationDate` varchar(255) DEFAULT NULL
) ENGINE=InnoDB DEFAULT CHARSET=latin1 COLLATE=latin1_swedish_ci;

--
-- Dumping data for table `subcategory`
--

INSERT INTO `subcategory` (`id`, `categoryid`, `subcategory`, `updationDate`) VALUES
(1, 1, 'Led Television', NULL),
(2, 1, 'Laptop', NULL),
(3, 1, 'Mobiles', NULL),
(4, 1, 'Earbuds', NULL),
(5, 1, 'Mobile Accessories', NULL),
(6, 2, 'Women Ethnic', NULL),
(7, 2, 'Women Western', NULL),
(8, 2, 'Kid\'s wear', NULL),
(9, 2, 'Men Ethnic', NULL),
(10, 2, 'Men Formal wear', NULL),
(11, 3, 'Women Footwears', NULL),
(12, 3, 'Men Footwears', NULL),
(13, 3, 'Kid Footwear', NULL),
(14, 3, 'Men Accessories', NULL),
(15, 3, 'Women Accessories', NULL),
(16, 4, 'Smart watches', NULL),
(17, 4, 'Speakers', NULL),
(18, 4, 'Covers', NULL),
(19, 4, 'Powerbanks', NULL),
(20, 4, 'Mobile Accessories', NULL),
(21, 5, 'men Jewellery', NULL),
(22, 5, 'Jewellery set ', NULL),
(23, 5, 'Women  Bangles & Bracelets', NULL),
(24, 5, 'Earrings & studs', NULL),
(25, 5, 'Rings', NULL),
(26, 6, 'Sports', NULL),
(27, 6, 'Fitness', NULL),
(28, 6, 'Footwear', NULL),
(29, 6, 'Active Wear', NULL),
(30, 6, 'Accessories', NULL),
(31, 7, 'Skin care', NULL),
(32, 7, 'Hair care', NULL),
(33, 7, 'Fragrance', NULL),
(34, 7, 'Beauty', NULL),
(35, 7, 'Daily Essentials', NULL);

-- --------------------------------------------------------

--
-- Table structure for table `userlog`
--

CREATE TABLE `userlog` (
  `id` int(11) NOT NULL,
  `userEmail` varchar(255) DEFAULT NULL,
  `userip` binary(16) DEFAULT NULL,
  `loginTime` timestamp NULL DEFAULT current_timestamp(),
  `logout` varchar(255) DEFAULT NULL,
  `status` int(11) DEFAULT NULL
) ENGINE=InnoDB DEFAULT CHARSET=latin1 COLLATE=latin1_swedish_ci;

--
-- Dumping data for table `userlog`
--

INSERT INTO `userlog` (`id`, `userEmail`, `userip`, `loginTime`, `logout`, `status`) VALUES
(6, 'patelnidhi1628@hmail.com', 0x3a3a3100000000000000000000000000, '2024-11-10 12:03:07', NULL, 0),
(7, 'nidhipatel11@gmail.com', 0x3a3a3100000000000000000000000000, '2024-11-10 12:04:02', NULL, 1),
(8, 'nidhi12@gmail.com', 0x3a3a3100000000000000000000000000, '2024-12-07 04:56:29', '07-12-2024 01:35:40 PM', 1),
(9, 'nidhi12@gmail.com', 0x3a3a3100000000000000000000000000, '2024-12-07 08:06:02', NULL, 1);

-- --------------------------------------------------------

--
-- Table structure for table `users`
--

CREATE TABLE `users` (
  `id` int(11) NOT NULL,
  `name` varchar(255) DEFAULT NULL,
  `email` varchar(255) DEFAULT NULL,
  `contactno` bigint(11) DEFAULT NULL,
  `password` varchar(255) DEFAULT NULL,
  `shippingAddress` longtext DEFAULT NULL,
  `shippingState` varchar(255) DEFAULT NULL,
  `shippingCity` varchar(255) DEFAULT NULL,
  `shippingPincode` int(11) DEFAULT NULL,
  `billingAddress` longtext DEFAULT NULL,
  `billingState` varchar(255) DEFAULT NULL,
  `billingCity` varchar(255) DEFAULT NULL,
  `billingPincode` int(11) DEFAULT NULL,
  `regDate` timestamp NOT NULL DEFAULT current_timestamp(),
  `updationDate` varchar(255) DEFAULT NULL
) ENGINE=InnoDB DEFAULT CHARSET=latin1 COLLATE=latin1_swedish_ci;

--
-- Dumping data for table `users`
--

INSERT INTO `users` (`id`, `name`, `email`, `contactno`, `password`, `shippingAddress`, `shippingState`, `shippingCity`, `shippingPincode`, `billingAddress`, `billingState`, `billingCity`, `billingPincode`, `regDate`, `updationDate`) VALUES
(6, 'Nidhi patel', 'patelnidhi1628@gmail.com', 8734838561, '181def2404b4159132f636a46f720add', NULL, NULL, NULL, NULL, NULL, NULL, NULL, NULL, '2024-10-22 04:11:00', NULL),
(7, 'nidhi', 'nidhipatel11@gmail.com', 4936489893, '827ccb0eea8a706c4c34a16891f84e7b', 'H-112/A Sardardham Dediyasan GIDC Modhera road Mahesana Gujarat', 'Gujarat', 'Mahesana', 384002, 'H-112/A Sardardham Dediyasan GIDC Modhera road Mahesana Gujarat', 'Gujarat', 'Mahesana', 384002, '2024-11-10 12:03:44', NULL),
(8, 'Nidhi patel', 'nidhi12@gmail.com', 8734838561, '827ccb0eea8a706c4c34a16891f84e7b', 'mehsana', 'Gujarat', 'Mahesana', 384002, 'mehsana', 'Gujarat', 'Mahesana', 384002, '2024-12-07 04:56:10', NULL);

-- --------------------------------------------------------

--
-- Table structure for table `wishlist`
--

CREATE TABLE `wishlist` (
  `id` int(11) NOT NULL,
  `userId` int(11) DEFAULT NULL,
  `productId` int(11) DEFAULT NULL,
  `postingDate` timestamp NOT NULL DEFAULT current_timestamp()
) ENGINE=InnoDB DEFAULT CHARSET=latin1 COLLATE=latin1_swedish_ci;

--
-- Dumping data for table `wishlist`
--

INSERT INTO `wishlist` (`id`, `userId`, `productId`, `postingDate`) VALUES
(3, 6, 16, '2024-10-22 04:13:06'),
(4, 7, 15, '2024-11-10 12:08:27'),
(5, 8, 4, '2024-12-07 04:57:03');

--
-- Indexes for dumped tables
--

--
-- Indexes for table `admin`
--
ALTER TABLE `admin`
  ADD PRIMARY KEY (`id`);

--
-- Indexes for table `category`
--
ALTER TABLE `category`
  ADD PRIMARY KEY (`id`);

--
-- Indexes for table `orders`
--
ALTER TABLE `orders`
  ADD PRIMARY KEY (`id`);

--
-- Indexes for table `ordertrackhistory`
--
ALTER TABLE `ordertrackhistory`
  ADD PRIMARY KEY (`id`);

--
-- Indexes for table `productreviews`
--
ALTER TABLE `productreviews`
  ADD PRIMARY KEY (`id`);

--
-- Indexes for table `products`
--
ALTER TABLE `products`
  ADD PRIMARY KEY (`id`);

--
-- Indexes for table `subcategory`
--
ALTER TABLE `subcategory`
  ADD PRIMARY KEY (`id`);

--
-- Indexes for table `userlog`
--
ALTER TABLE `userlog`
  ADD PRIMARY KEY (`id`);

--
-- Indexes for table `users`
--
ALTER TABLE `users`
  ADD PRIMARY KEY (`id`);

--
-- Indexes for table `wishlist`
--
ALTER TABLE `wishlist`
  ADD PRIMARY KEY (`id`);

--
-- AUTO_INCREMENT for dumped tables
--

--
-- AUTO_INCREMENT for table `admin`
--
ALTER TABLE `admin`
  MODIFY `id` int(11) NOT NULL AUTO_INCREMENT, AUTO_INCREMENT=2;

--
-- AUTO_INCREMENT for table `category`
--
ALTER TABLE `category`
  MODIFY `id` int(11) NOT NULL AUTO_INCREMENT, AUTO_INCREMENT=11;

--
-- AUTO_INCREMENT for table `orders`
--
ALTER TABLE `orders`
  MODIFY `id` int(11) NOT NULL AUTO_INCREMENT, AUTO_INCREMENT=8;

--
-- AUTO_INCREMENT for table `ordertrackhistory`
--
ALTER TABLE `ordertrackhistory`
  MODIFY `id` int(11) NOT NULL AUTO_INCREMENT, AUTO_INCREMENT=8;

--
-- AUTO_INCREMENT for table `productreviews`
--
ALTER TABLE `productreviews`
  MODIFY `id` int(11) NOT NULL AUTO_INCREMENT;

--
-- AUTO_INCREMENT for table `products`
--
ALTER TABLE `products`
  MODIFY `id` int(11) NOT NULL AUTO_INCREMENT, AUTO_INCREMENT=37;

--
-- AUTO_INCREMENT for table `subcategory`
--
ALTER TABLE `subcategory`
  MODIFY `id` int(11) NOT NULL AUTO_INCREMENT, AUTO_INCREMENT=36;

--
-- AUTO_INCREMENT for table `userlog`
--
ALTER TABLE `userlog`
  MODIFY `id` int(11) NOT NULL AUTO_INCREMENT, AUTO_INCREMENT=10;

--
-- AUTO_INCREMENT for table `users`
--
ALTER TABLE `users`
  MODIFY `id` int(11) NOT NULL AUTO_INCREMENT, AUTO_INCREMENT=9;

--
-- AUTO_INCREMENT for table `wishlist`
--
ALTER TABLE `wishlist`
  MODIFY `id` int(11) NOT NULL AUTO_INCREMENT, AUTO_INCREMENT=6;
COMMIT;

/*!40101 SET CHARACTER_SET_CLIENT=@OLD_CHARACTER_SET_CLIENT */;
/*!40101 SET CHARACTER_SET_RESULTS=@OLD_CHARACTER_SET_RESULTS */;
/*!40101 SET COLLATION_CONNECTION=@OLD_COLLATION_CONNECTION */;
